Company_Name,NAIC_Code,Filing_State,Filing_Date,LOB,Rate_Change_Type,Rate_Change_Percent,Effective_Date,Prior_Rate_Level,New_Rate_Level,Filed_Territories,Market_Share_State,Avg_Premium_Before,Avg_Premium_After,Competitor_Positioning,Product_Tier,Filed_By,Approved_Status,Approval_Date
Atlas Mutual Insurance,75871,CA,2024-08-06,Commercial Auto,Rate Decrease,-2.3,2024-11-15,1.0,0.977,"CA-West, CA-North",0.7,990,967,Premium Below Market Avg,Mid-Tier,Actuarial Department,Rejected,
Atlas Mutual Insurance,75871,FL,2025-05-16,Commercial Auto,Rate Increase,3.0,2025-08-29,1.0,1.03,"FL-Central, FL-South",0.2,1272,1310,At Market Avg,Budget,Actuarial Department,Approved,2025-08-28
Atlas Mutual Insurance,75871,MA,2025-09-12,Commercial Auto,Rate Increase,7.7,2025-11-01,1.0,1.077,"MA-South, MA-West",0.4,1286,1385,Premium Above Market Avg,Mid-Tier,Actuarial Department,Approved,2025-10-12
Atlas Mutual Insurance,75871,MD,2024-07-15,Commercial Auto,Rate Increase,8.3,2024-08-15,1.0,1.083,"MD-South, MD-North",6.4,972,1053,Premium Above Market Avg,Mid-Tier,Actuarial Department,Approved,2024-08-13
Atlas Mutual Insurance,75871,NC,2024-06-17,Commercial Auto,Rate Increase,11.6,2024-09-14,1.0,1.116,"NC-Central, NC-East",2.2,2031,2267,Premium Above Market Avg,Mid-Tier,Actuarial Department,Pending,
Atlas Mutual Insurance,75871,NJ,2025-08-28,Commercial Auto,Rate Increase,2.3,2025-10-03,1.0,1.023,"NJ-South, NJ-West, NJ-North",11.7,1340,1371,At Market Avg,Mid-Tier,Actuarial Department,Approved,2025-10-23
Atlas Mutual Insurance,75871,NY,2025-07-31,Commercial Auto,Rate Decrease,-6.1,2025-09-12,1.0,0.939,"NY-West, NY-Central",5.1,2352,2209,Premium Below Market Avg,Budget,Actuarial Department,Approved,2025-09-21
Atlas Mutual Insurance,75871,OR,2025-10-18,Commercial Auto,Rate Increase,1.8,2026-01-14,1.0,1.018,"OR-South, OR-North",3.2,1566,1594,At Market Avg,Premium,Actuarial Department,Approved,2025-12-18
Atlas Mutual Insurance,75871,VA,2024-12-12,Commercial Auto,New Filing,0.0,2025-01-11,1.0,1.0,"VA-Central, VA-South",2.7,2008,2008,At Market Avg,Mid-Tier,Actuarial Department,Approved,2025-01-22
Atlas Mutual Insurance,75871,WA,2025-08-10,Commercial Auto,Rate Decrease,-3.5,2025-11-05,1.0,0.965,"WA-West, WA-East, WA-North",2.4,2353,2271,Premium Below Market Avg,Budget,Actuarial Department,Approved,2025-10-27
Atlas Mutual Insurance,75871,CA,2025-06-15,Homeowners,Rate Increase,1.9,2025-09-08,1.0,1.019,"CA-North, CA-South",9.1,2320,2364,At Market Avg,Mid-Tier,Actuarial Department,Pending,
Atlas Mutual Insurance,75871,FL,2025-06-02,Homeowners,Rate Decrease,-6.7,2025-07-21,1.0,0.933,"FL-South, FL-Central",6.6,1372,1280,Premium Below Market Avg,Premium,Actuarial Department,Pending,
Atlas Mutual Insurance,75871,MA,2025-01-13,Homeowners,Rate Decrease,-6.7,2025-04-12,1.0,0.933,"MA-West, MA-South",7.3,2781,2595,Premium Below Market Avg,Premium,Actuarial Department,Pending,
Atlas Mutual Insurance,75871,MD,2024-06-18,Homeowners,Rate Decrease,-5.5,2024-09-30,1.0,0.945,"MD-South, MD-North, MD-West",6.5,1833,1732,Premium Below Market Avg,Mid-Tier,Actuarial Department,Approved,2024-09-11
Atlas Mutual Insurance,75871,NC,2024-10-03,Homeowners,Rate Increase,6.4,2024-12-19,1.0,1.064,"NC-West, NC-Central, NC-East",4.8,3435,3655,Premium Above Market Avg,Mid-Tier,Actuarial Department,Pending,
Atlas Mutual Insurance,75871,NJ,2025-02-02,Homeowners,Rate Increase,4.9,2025-03-31,1.0,1.049,"NJ-South, NJ-Central",1.6,3296,3458,Premium Above Market Avg,Mid-Tier,Actuarial Department,Approved,2025-03-23
Atlas Mutual Insurance,75871,NY,2025-02-21,Homeowners,New Filing,0.0,2025-05-21,1.0,1.0,"NY-Central, NY-East, NY-South",2.6,2770,2770,At Market Avg,Mid-Tier,Actuarial Department,Approved,2025-05-19
Atlas Mutual Insurance,75871,OR,2024-09-27,Homeowners,Rate Increase,4.5,2024-11-28,1.0,1.045,"OR-North, OR-East",5.0,2304,2408,Premium Above Market Avg,Premium,Actuarial Department,Approved,2024-11-26
Atlas Mutual Insurance,75871,VA,2025-08-09,Homeowners,Rate Increase,7.4,2025-10-09,1.0,1.074,"VA-West, VA-East",2.8,2389,2566,Premium Above Market Avg,Mid-Tier,Actuarial Department,Pending,
Atlas Mutual Insurance,75871,WA,2025-11-18,Homeowners,Rate Increase,7.9,2026-02-23,1.0,1.079,"WA-West, WA-North, WA-South",7.2,1875,2023,Premium Above Market Avg,Premium,Actuarial Department,Approved,2026-02-20
Atlas Mutual Insurance,75871,CA,2025-04-06,Personal Auto,Rate Increase,11.6,2025-05-28,1.0,1.116,"CA-South, CA-Central",3.2,946,1056,Premium Above Market Avg,Premium,Actuarial Department,Approved,2025-05-27
Atlas Mutual Insurance,75871,FL,2025-07-16,Personal Auto,Rate Increase,9.0,2025-10-20,1.0,1.09,"FL-West, FL-East",3.0,1584,1727,Premium Above Market Avg,Budget,Actuarial Department,Approved,2025-10-06
Atlas Mutual Insurance,75871,MA,2025-04-01,Personal Auto,Rate Increase,2.9,2025-05-23,1.0,1.029,"MA-North, MA-South",12.5,1327,1365,At Market Avg,Budget,Actuarial Department,Approved,2025-05-09
Atlas Mutual Insurance,75871,MD,2024-10-02,Personal Auto,New Filing,0.0,2024-11-24,1.0,1.0,"MD-Central, MD-West",5.2,1321,1321,At Market Avg,Budget,Actuarial Department,Approved,2024-11-22
Atlas Mutual Insurance,75871,NC,2025-02-21,Personal Auto,Rate Increase,2.0,2025-04-26,1.0,1.02,"NC-South, NC-West",1.2,1354,1381,At Market Avg,Mid-Tier,Actuarial Department,Rejected,
Atlas Mutual Insurance,75871,NJ,2025-05-06,Personal Auto,Rate Decrease,-6.6,2025-07-10,1.0,0.934,"NJ-Central, NJ-West",2.5,1494,1395,Premium Below Market Avg,Mid-Tier,Actuarial Department,Approved,2025-06-19
Atlas Mutual Insurance,75871,NY,2024-11-28,Personal Auto,Rate Increase,5.2,2025-02-27,1.0,1.052,"NY-East, NY-South",5.8,1194,1256,Premium Above Market Avg,Budget,Actuarial Department,Approved,2025-01-12
Atlas Mutual Insurance,75871,OR,2025-08-07,Personal Auto,Rate Decrease,-6.5,2025-11-01,1.0,0.935,"OR-South, OR-North",3.4,1350,1262,Premium Below Market Avg,Premium,Actuarial Department,Pending,
Atlas Mutual Insurance,75871,VA,2024-12-11,Personal Auto,Rate Increase,8.7,2025-02-20,1.0,1.087,"VA-West, VA-North",1.0,1504,1635,Premium Above Market Avg,Budget,Actuarial Department,Rejected,
Atlas Mutual Insurance,75871,WA,2025-02-20,Personal Auto,Rate Decrease,-3.6,2025-04-21,1.0,0.964,"WA-West, WA-North",3.7,1124,1084,Premium Below Market Avg,Mid-Tier,Actuarial Department,Pending,
Atlas Mutual Insurance,75871,CA,2025-07-25,Workers Comp,Rate Increase,8.1,2025-08-24,1.0,1.081,"CA-West, CA-South",2.4,2584,2793,Premium Above Market Avg,Premium,Actuarial Department,Approved,2025-09-19
Atlas Mutual Insurance,75871,FL,2024-09-21,Workers Comp,Rate Increase,11.2,2024-11-25,1.0,1.112,"FL-South, FL-West",7.2,2127,2365,Premium Above Market Avg,Premium,Actuarial Department,Approved,2024-10-21
Atlas Mutual Insurance,75871,MA,2025-04-18,Workers Comp,Rate Increase,7.8,2025-05-25,1.0,1.078,"MA-North, MA-South",2.4,2366,2551,Premium Above Market Avg,Mid-Tier,Actuarial Department,Approved,2025-05-21
Atlas Mutual Insurance,75871,MD,2025-11-04,Workers Comp,Rate Increase,11.3,2026-02-10,1.0,1.113,"MD-North, MD-South",1.5,1909,2125,Premium Above Market Avg,Premium,Actuarial Department,Approved,2026-02-09
Atlas Mutual Insurance,75871,NC,2024-11-28,Workers Comp,New Filing,0.0,2025-01-23,1.0,1.0,"NC-East, NC-South",5.9,2818,2818,At Market Avg,Mid-Tier,Actuarial Department,Pending,
Atlas Mutual Insurance,75871,NJ,2025-07-27,Workers Comp,Rate Increase,3.7,2025-11-06,1.0,1.037,"NJ-West, NJ-Central",9.0,1138,1180,Premium Above Market Avg,Mid-Tier,Actuarial Department,Approved,2025-09-26
Atlas Mutual Insurance,75871,NY,2025-01-18,Workers Comp,Rate Decrease,-7.8,2025-04-14,1.0,0.922,"NY-East, NY-South",5.0,2065,1904,Premium Below Market Avg,Budget,Actuarial Department,Pending,
Atlas Mutual Insurance,75871,OR,2024-12-30,Workers Comp,Rate Increase,9.6,2025-02-27,1.0,1.096,"OR-Central, OR-West",0.9,1934,2120,Premium Above Market Avg,Mid-Tier,Actuarial Department,Approved,2025-02-25
Atlas Mutual Insurance,75871,VA,2024-08-14,Workers Comp,Rate Increase,2.4,2024-11-26,1.0,1.024,"VA-Central, VA-South",3.4,1370,1403,At Market Avg,Premium,Actuarial Department,Approved,2024-10-25
Atlas Mutual Insurance,75871,WA,2025-06-04,Workers Comp,Rate Increase,6.9,2025-07-15,1.0,1.069,"WA-East, WA-South",4.1,1072,1146,Premium Above Market Avg,Premium,Actuarial Department,Rejected,
Blue Harbor Assurance,52438,CA,2025-11-19,Commercial Auto,Rate Increase,10.6,2025-12-26,1.0,1.106,"CA-Central, CA-North, CA-South",7.9,1640,1814,Premium Above Market Avg,Mid-Tier,Actuarial Department,Approved,2025-12-07
Blue Harbor Assurance,52438,FL,2025-04-23,Commercial Auto,Rate Increase,2.2,2025-06-29,1.0,1.022,"FL-East, FL-Central",4.0,1850,1891,At Market Avg,Mid-Tier,Actuarial Department,Pending,
Blue Harbor Assurance,52438,MA,2024-08-12,Commercial Auto,Rate Increase,7.4,2024-12-05,1.0,1.074,"MA-West, MA-Central",3.7,1470,1579,Premium Above Market Avg,Premium,Actuarial Department,Approved,2024-11-14
Blue Harbor Assurance,52438,MD,2025-01-27,Commercial Auto,Rate Increase,3.7,2025-03-01,1.0,1.037,"MD-Central, MD-West, MD-East",6.6,1685,1747,Premium Above Market Avg,Mid-Tier,Actuarial Department,Pending,
Blue Harbor Assurance,52438,NC,2024-11-05,Commercial Auto,Rate Increase,7.3,2025-01-24,1.0,1.073,"NC-North, NC-South, NC-East",1.8,2032,2180,Premium Above Market Avg,Premium,Actuarial Department,Approved,2024-12-30
Blue Harbor Assurance,52438,NJ,2025-01-09,Commercial Auto,Rate Increase,4.7,2025-02-17,1.0,1.047,"NJ-South, NJ-North",2.7,1087,1138,Premium Above Market Avg,Mid-Tier,Actuarial Department,Approved,2025-02-22
Blue Harbor Assurance,52438,NY,2024-07-29,Commercial Auto,New Filing,0.0,2024-10-28,1.0,1.0,"NY-South, NY-East, NY-North",6.8,2150,2150,At Market Avg,Premium,Actuarial Department,Pending,
Blue Harbor Assurance,52438,OR,2025-02-10,Commercial Auto,Rate Increase,10.0,2025-05-28,1.0,1.1,"OR-South, OR-Central",9.1,1640,1804,Premium Above Market Avg,Mid-Tier,Actuarial Department,Pending,
Blue Harbor Assurance,52438,VA,2024-09-15,Commercial Auto,Rate Increase,4.9,2024-12-19,1.0,1.049,"VA-North, VA-Central",4.2,2170,2276,Premium Above Market Avg,Mid-Tier,Actuarial Department,Approved,2024-11-28
Blue Harbor Assurance,52438,WA,2025-06-19,Commercial Auto,New Filing,0.0,2025-09-13,1.0,1.0,"WA-Central, WA-North",5.4,1447,1447,At Market Avg,Premium,Actuarial Department,Approved,2025-08-26
Blue Harbor Assurance,52438,CA,2024-05-10,Homeowners,Rate Decrease,-2.0,2024-07-25,1.0,0.98,"CA-East, CA-North",5.4,3084,3022,At Market Avg,Premium,Actuarial Department,Approved,2024-06-01
Blue Harbor Assurance,52438,FL,2024-05-18,Homeowners,Rate Increase,11.4,2024-06-28,1.0,1.114,"FL-West, FL-South, FL-East",4.3,2996,3338,Premium Above Market Avg,Budget,Actuarial Department,Approved,2024-07-15
Blue Harbor Assurance,52438,MA,2025-05-08,Homeowners,Rate Increase,1.9,2025-08-23,1.0,1.019,"MA-East, MA-Central, MA-North",3.3,1897,1933,At Market Avg,Mid-Tier,Actuarial Department,Approved,2025-06-21
Blue Harbor Assurance,52438,MD,2025-06-30,Homeowners,Rate Increase,4.7,2025-09-19,1.0,1.047,"MD-West, MD-East, MD-South",8.2,2254,2360,Premium Above Market Avg,Premium,Actuarial Department,Approved,2025-09-17
Blue Harbor Assurance,52438,NC,2024-10-21,Homeowners,Rate Increase,7.4,2025-01-10,1.0,1.074,"NC-Central, NC-South",2.8,3441,3696,Premium Above Market Avg,Mid-Tier,Actuarial Department,Approved,2024-12-18
Blue Harbor Assurance,52438,NJ,2024-06-27,Homeowners,New Filing,0.0,2024-09-13,1.0,1.0,"NJ-East, NJ-North",5.3,1188,1188,At Market Avg,Mid-Tier,Actuarial Department,Approved,2024-07-24
Blue Harbor Assurance,52438,NY,2025-12-06,Homeowners,Rate Decrease,-4.7,2026-02-11,1.0,0.953,"NY-Central, NY-South, NY-West",3.5,2081,1983,Premium Below Market Avg,Budget,Actuarial Department,Approved,2026-02-09
Blue Harbor Assurance,52438,OR,2025-04-09,Homeowners,Rate Increase,7.1,2025-07-14,1.0,1.071,"OR-East, OR-Central",4.9,1672,1791,Premium Above Market Avg,Budget,Actuarial Department,Approved,2025-06-02
Blue Harbor Assurance,52438,VA,2024-08-23,Homeowners,Rate Decrease,-7.7,2024-10-28,1.0,0.923,"VA-East, VA-North",5.8,2643,2439,Premium Below Market Avg,Mid-Tier,Actuarial Department,Rejected,
Blue Harbor Assurance,52438,WA,2025-09-30,Homeowners,Rate Increase,5.2,2026-01-24,1.0,1.052,"WA-South, WA-Central",1.9,3439,3618,Premium Above Market Avg,Premium,Actuarial Department,Approved,2026-01-05
Blue Harbor Assurance,52438,CA,2024-08-31,Personal Auto,Rate Increase,6.3,2024-12-19,1.0,1.063,"CA-West, CA-South",8.8,1520,1616,Premium Above Market Avg,Mid-Tier,Actuarial Department,Approved,2024-10-02
Blue Harbor Assurance,52438,FL,2024-08-31,Personal Auto,Rate Increase,7.3,2024-11-06,1.0,1.073,"FL-East, FL-South",2.7,1013,1087,Premium Above Market Avg,Mid-Tier,Actuarial Department,Approved,2024-11-01
Blue Harbor Assurance,52438,MA,2025-07-24,Personal Auto,Rate Increase,10.2,2025-11-15,1.0,1.102,"MA-North, MA-South",5.2,1150,1267,Premium Above Market Avg,Premium,Actuarial Department,Pending,
Blue Harbor Assurance,52438,MD,2024-12-08,Personal Auto,New Filing,0.0,2025-03-02,1.0,1.0,"MD-South, MD-Central",2.8,1067,1067,At Market Avg,Premium,Actuarial Department,Approved,2025-02-03
Blue Harbor Assurance,52438,NC,2024-05-12,Personal Auto,Rate Increase,8.8,2024-07-22,1.0,1.088,"NC-East, NC-North",8.7,1352,1471,Premium Above Market Avg,Mid-Tier,Actuarial Department,Approved,2024-06-29
Blue Harbor Assurance,52438,NJ,2025-03-30,Personal Auto,Rate Decrease,-6.6,2025-07-24,1.0,0.934,"NJ-South, NJ-East, NJ-West",5.4,1532,1431,Premium Below Market Avg,Budget,Actuarial Department,Approved,2025-06-03
Blue Harbor Assurance,52438,NY,2025-09-05,Personal Auto,Rate Increase,9.7,2025-11-12,1.0,1.097,"NY-East, NY-North",1.0,1508,1654,Premium Above Market Avg,Mid-Tier,Actuarial Department,Approved,2025-10-21
Blue Harbor Assurance,52438,OR,2025-09-04,Personal Auto,Rate Increase,8.3,2025-10-16,1.0,1.083,"OR-North, OR-South",6.5,1081,1171,Premium Above Market Avg,Premium,Actuarial Department,Approved,2025-10-27
Blue Harbor Assurance,52438,VA,2025-01-22,Personal Auto,Rate Decrease,-7.9,2025-03-02,1.0,0.921,"VA-South, VA-Central",4.6,1372,1264,Premium Below Market Avg,Mid-Tier,Actuarial Department,Approved,2025-03-18
Blue Harbor Assurance,52438,WA,2025-12-01,Personal Auto,Rate Increase,5.3,2026-03-08,1.0,1.053,"WA-West, WA-South",5.2,1174,1236,Premium Above Market Avg,Mid-Tier,Actuarial Department,Approved,2026-02-10
Blue Harbor Assurance,52438,CA,2025-11-30,Workers Comp,New Filing,0.0,2026-03-02,1.0,1.0,"CA-East, CA-West",4.8,2635,2635,At Market Avg,Premium,Actuarial Department,Approved,2026-02-18
Blue Harbor Assurance,52438,FL,2025-09-28,Workers Comp,New Filing,0.0,2025-12-27,1.0,1.0,"FL-North, FL-West",13.1,2779,2779,At Market Avg,Premium,Actuarial Department,Approved,2025-11-07
Blue Harbor Assurance,52438,MA,2024-11-06,Workers Comp,New Filing,0.0,2025-02-19,1.0,1.0,"MA-Central, MA-East",2.8,1002,1002,At Market Avg,Mid-Tier,Actuarial Department,Rejected,
Blue Harbor Assurance,52438,MD,2025-12-09,Workers Comp,Rate Increase,10.7,2026-03-10,1.0,1.107,"MD-North, MD-East",0.9,2283,2527,Premium Above Market Avg,Premium,Actuarial Department,Pending,
Blue Harbor Assurance,52438,NC,2025-04-23,Workers Comp,Rate Increase,11.2,2025-07-24,1.0,1.112,"NC-Central, NC-West",3.7,2622,2916,Premium Above Market Avg,Budget,Actuarial Department,Rejected,
Blue Harbor Assurance,52438,NJ,2024-07-16,Workers Comp,Rate Decrease,-6.8,2024-08-26,1.0,0.932,"NJ-East, NJ-North",2.0,2619,2441,Premium Below Market Avg,Budget,Actuarial Department,Approved,2024-08-10
Blue Harbor Assurance,52438,NY,2024-12-14,Workers Comp,New Filing,0.0,2025-03-16,1.0,1.0,"NY-East, NY-South",7.2,2519,2519,At Market Avg,Mid-Tier,Actuarial Department,Approved,2025-02-08
Blue Harbor Assurance,52438,OR,2024-08-23,Workers Comp,Rate Increase,10.6,2024-11-24,1.0,1.106,"OR-Central, OR-North",0.6,1681,1859,Premium Above Market Avg,Premium,Actuarial Department,Approved,2024-10-19
Blue Harbor Assurance,52438,VA,2025-08-20,Workers Comp,Rate Increase,12.0,2025-12-08,1.0,1.12,"VA-Central, VA-West",2.3,1383,1549,Premium Above Market Avg,Budget,Actuarial Department,Pending,
Blue Harbor Assurance,52438,WA,2025-05-12,Workers Comp,Rate Increase,5.8,2025-07-01,1.0,1.058,"WA-East, WA-North, WA-Central",7.6,965,1021,Premium Above Market Avg,Mid-Tier,Actuarial Department,Approved,2025-06-16
Cedar Ridge Insurance,37516,CA,2024-11-19,Commercial Auto,Rate Increase,2.8,2025-03-17,1.0,1.028,"CA-Central, CA-North, CA-South",4.9,952,979,At Market Avg,Premium,Actuarial Department,Approved,2025-01-27
Cedar Ridge Insurance,37516,FL,2024-09-25,Commercial Auto,Rate Increase,7.6,2025-01-16,1.0,1.076,"FL-West, FL-Central",0.9,1628,1752,Premium Above Market Avg,Budget,Actuarial Department,Approved,2024-11-28
Cedar Ridge Insurance,37516,MA,2025-10-21,Commercial Auto,Rate Decrease,-6.3,2025-12-30,1.0,0.937,"MA-Central, MA-West",6.5,1237,1159,Premium Below Market Avg,Mid-Tier,Actuarial Department,Pending,
Cedar Ridge Insurance,37516,MD,2024-12-23,Commercial Auto,Rate Increase,6.7,2025-02-23,1.0,1.067,"MD-East, MD-South, MD-Central",8.3,1973,2105,Premium Above Market Avg,Premium,Actuarial Department,Approved,2025-01-15
Cedar Ridge Insurance,37516,NC,2024-07-07,Commercial Auto,Rate Increase,7.0,2024-10-20,1.0,1.07,"NC-North, NC-South, NC-West",8.8,1776,1900,Premium Above Market Avg,Premium,Actuarial Department,Approved,2024-08-28
Cedar Ridge Insurance,37516,NJ,2024-05-09,Commercial Auto,Rate Increase,1.7,2024-09-02,1.0,1.017,"NJ-East, NJ-Central",6.9,1594,1621,At Market Avg,Budget,Actuarial Department,Approved,2024-06-10
Cedar Ridge Insurance,37516,NY,2025-10-26,Commercial Auto,New Filing,0.0,2026-01-22,1.0,1.0,"NY-West, NY-North",6.4,2088,2088,At Market Avg,Mid-Tier,Actuarial Department,Approved,2026-01-06
Cedar Ridge Insurance,37516,OR,2024-09-24,Commercial Auto,Rate Increase,6.7,2024-11-28,1.0,1.067,"OR-South, OR-North",3.1,2360,2518,Premium Above Market Avg,Budget,Actuarial Department,Approved,2024-11-16
Cedar Ridge Insurance,37516,VA,2025-09-27,Commercial Auto,Rate Increase,7.6,2025-12-07,1.0,1.076,"VA-West, VA-East",5.2,1849,1990,Premium Above Market Avg,Mid-Tier,Actuarial Department,Approved,2025-11-19
Cedar Ridge Insurance,37516,WA,2024-09-17,Commercial Auto,Rate Increase,11.7,2024-12-21,1.0,1.117,"WA-East, WA-Central, WA-North",0.6,2314,2585,Premium Above Market Avg,Mid-Tier,Actuarial Department,Approved,2024-11-03
Cedar Ridge Insurance,37516,CA,2025-04-21,Homeowners,Rate Increase,3.7,2025-07-02,1.0,1.037,"CA-West, CA-South, CA-Central",12.8,2976,3086,Premium Above Market Avg,Mid-Tier,Actuarial Department,Approved,2025-06-30
Cedar Ridge Insurance,37516,FL,2025-01-01,Homeowners,Rate Increase,4.0,2025-02-01,1.0,1.04,"FL-South, FL-North",1.3,1348,1402,Premium Above Market Avg,Mid-Tier,Actuarial Department,Approved,2025-01-30
Cedar Ridge Insurance,37516,MA,2024-12-23,Homeowners,New Filing,0.0,2025-03-05,1.0,1.0,"MA-East, MA-South",1.0,2377,2377,At Market Avg,Budget,Actuarial Department,Approved,2025-02-27
Cedar Ridge Insurance,37516,MD,2025-05-05,Homeowners,Rate Increase,3.1,2025-06-11,1.0,1.031,"MD-East, MD-North",6.3,2293,2364,Premium Above Market Avg,Mid-Tier,Actuarial Department,Pending,
Cedar Ridge Insurance,37516,NC,2025-12-04,Homeowners,Rate Increase,9.8,2026-03-11,1.0,1.098,"NC-East, NC-North",4.4,2552,2802,Premium Above Market Avg,Mid-Tier,Actuarial Department,Pending,
Cedar Ridge Insurance,37516,NJ,2024-07-23,Homeowners,Rate Decrease,-6.5,2024-11-06,1.0,0.935,"NJ-West, NJ-North",7.5,3185,2978,Premium Below Market Avg,Mid-Tier,Actuarial Department,Approved,2024-11-04
Cedar Ridge Insurance,37516,NY,2024-06-29,Homeowners,Rate Increase,5.4,2024-08-18,1.0,1.054,"NY-Central, NY-South",0.3,1504,1585,Premium Above Market Avg,Mid-Tier,Actuarial Department,Pending,
Cedar Ridge Insurance,37516,OR,2024-04-28,Homeowners,Rate Increase,11.5,2024-08-01,1.0,1.115,"OR-South, OR-East",2.5,2559,2853,Premium Above Market Avg,Premium,Actuarial Department,Pending,
Cedar Ridge Insurance,37516,VA,2025-09-05,Homeowners,Rate Decrease,-4.6,2025-10-25,1.0,0.954,"VA-Central, VA-North",1.0,1567,1495,Premium Below Market Avg,Budget,Actuarial Department,Approved,2025-10-30
Cedar Ridge Insurance,37516,WA,2025-10-16,Homeowners,New Filing,0.0,2025-12-12,1.0,1.0,"WA-North, WA-South",5.5,1396,1396,At Market Avg,Premium,Actuarial Department,Pending,
Cedar Ridge Insurance,37516,CA,2024-10-01,Personal Auto,Rate Decrease,-1.7,2024-12-11,1.0,0.983,"CA-South, CA-North",2.3,802,788,At Market Avg,Mid-Tier,Actuarial Department,Approved,2024-11-15
Cedar Ridge Insurance,37516,FL,2024-05-21,Personal Auto,Rate Increase,7.7,2024-07-31,1.0,1.077,"FL-East, FL-West, FL-South",9.8,1448,1559,Premium Above Market Avg,Premium,Actuarial Department,Approved,2024-07-23
Cedar Ridge Insurance,37516,MA,2025-11-07,Personal Auto,Rate Decrease,-7.0,2025-12-27,1.0,0.93,"MA-North, MA-Central",8.5,847,788,Premium Below Market Avg,Budget,Actuarial Department,Approved,2025-12-13
Cedar Ridge Insurance,37516,MD,2025-10-31,Personal Auto,Rate Increase,8.9,2026-02-12,1.0,1.089,"MD-North, MD-West, MD-South",4.0,869,946,Premium Above Market Avg,Premium,Actuarial Department,Approved,2026-01-25
Cedar Ridge Insurance,37516,NC,2025-06-24,Personal Auto,Rate Decrease,-4.1,2025-09-21,1.0,0.959,"NC-North, NC-Central",7.4,1059,1016,Premium Below Market Avg,Mid-Tier,Actuarial Department,Approved,2025-09-07
Cedar Ridge Insurance,37516,NJ,2024-11-20,Personal Auto,New Filing,0.0,2025-03-16,1.0,1.0,"NJ-West, NJ-South",7.3,1138,1138,At Market Avg,Premium,Actuarial Department,Approved,2024-12-26
Cedar Ridge Insurance,37516,NY,2025-09-22,Personal Auto,New Filing,0.0,2025-11-13,1.0,1.0,"NY-Central, NY-South",2.6,1492,1492,At Market Avg,Mid-Tier,Actuarial Department,Approved,2025-11-07
Cedar Ridge Insurance,37516,OR,2025-08-19,Personal Auto,Rate Increase,4.8,2025-12-11,1.0,1.048,"OR-Central, OR-South",2.3,929,974,Premium Above Market Avg,Premium,Actuarial Department,Approved,2025-10-15
Cedar Ridge Insurance,37516,VA,2024-12-20,Personal Auto,Rate Increase,6.9,2025-03-04,1.0,1.069,"VA-North, VA-South",4.0,818,874,Premium Above Market Avg,Budget,Actuarial Department,Approved,2025-01-31
Cedar Ridge Insurance,37516,WA,2025-01-16,Personal Auto,Rate Decrease,-1.9,2025-04-09,1.0,0.981,"WA-West, WA-South",6.7,1094,1073,At Market Avg,Budget,Actuarial Department,Approved,2025-03-05
Cedar Ridge Insurance,37516,CA,2025-11-26,Workers Comp,Rate Increase,9.5,2026-01-07,1.0,1.095,"CA-South, CA-West, CA-North",4.9,2085,2283,Premium Above Market Avg,Budget,Actuarial Department,Approved,2026-01-02
Cedar Ridge Insurance,37516,FL,2025-01-03,Workers Comp,Rate Decrease,-3.1,2025-04-29,1.0,0.969,"FL-West, FL-Central",3.2,1970,1909,Premium Below Market Avg,Premium,Actuarial Department,Pending,
Cedar Ridge Insurance,37516,MA,2025-04-19,Workers Comp,Rate Increase,2.9,2025-06-23,1.0,1.029,"MA-East, MA-West",12.4,1911,1966,At Market Avg,Budget,Actuarial Department,Approved,2025-05-04
Cedar Ridge Insurance,37516,MD,2025-11-20,Workers Comp,Rate Increase,1.2,2026-03-08,1.0,1.012,"MD-West, MD-North",2.1,2673,2705,At Market Avg,Budget,Actuarial Department,Approved,2026-01-05
Cedar Ridge Insurance,37516,NC,2025-11-10,Workers Comp,Rate Increase,8.2,2026-01-30,1.0,1.082,"NC-South, NC-East, NC-West",5.6,1487,1609,Premium Above Market Avg,Premium,Actuarial Department,Approved,2026-01-18
Cedar Ridge Insurance,37516,NJ,2025-02-03,Workers Comp,Rate Decrease,-5.6,2025-05-02,1.0,0.944,"NJ-East, NJ-Central",7.8,1831,1728,Premium Below Market Avg,Budget,Actuarial Department,Approved,2025-04-18
Cedar Ridge Insurance,37516,NY,2025-05-15,Workers Comp,Rate Increase,1.8,2025-07-07,1.0,1.018,"NY-South, NY-West",3.3,1289,1312,At Market Avg,Budget,Actuarial Department,Approved,2025-06-28
Cedar Ridge Insurance,37516,OR,2025-04-12,Workers Comp,Rate Increase,5.7,2025-07-31,1.0,1.057,"OR-South, OR-East",3.9,2252,2380,Premium Above Market Avg,Mid-Tier,Actuarial Department,Approved,2025-06-19
Cedar Ridge Insurance,37516,VA,2024-09-21,Workers Comp,Rate Increase,6.2,2024-10-22,1.0,1.062,"VA-North, VA-Central",4.6,2849,3026,Premium Above Market Avg,Budget,Actuarial Department,Approved,2024-10-17
Cedar Ridge Insurance,37516,WA,2025-06-13,Workers Comp,New Filing,0.0,2025-08-25,1.0,1.0,"WA-Central, WA-South",1.1,2042,2042,At Market Avg,Mid-Tier,Actuarial Department,Approved,2025-08-14
Coastal Shield Insurance,55387,CA,2025-04-20,Commercial Auto,Rate Increase,3.0,2025-08-02,1.0,1.03,"CA-East, CA-West",6.8,1709,1760,At Market Avg,Premium,Actuarial Department,Pending,
Coastal Shield Insurance,55387,FL,2025-06-20,Commercial Auto,Rate Increase,6.6,2025-09-20,1.0,1.066,"FL-North, FL-East",7.2,915,975,Premium Above Market Avg,Budget,Actuarial Department,Pending,
Coastal Shield Insurance,55387,MA,2025-07-18,Commercial Auto,Rate Increase,3.1,2025-10-19,1.0,1.031,"MA-West, MA-East, MA-Central",4.6,2154,2221,Premium Above Market Avg,Mid-Tier,Actuarial Department,Approved,2025-10-18
Coastal Shield Insurance,55387,MD,2025-11-12,Commercial Auto,Rate Decrease,-1.1,2026-01-14,1.0,0.989,"MD-Central, MD-North, MD-West",7.4,1618,1600,At Market Avg,Mid-Tier,Actuarial Department,Pending,
Coastal Shield Insurance,55387,NC,2024-12-08,Commercial Auto,Rate Increase,8.3,2025-03-01,1.0,1.083,"NC-North, NC-South",9.3,1670,1809,Premium Above Market Avg,Mid-Tier,Actuarial Department,Approved,2025-02-28
Coastal Shield Insurance,55387,NJ,2024-06-19,Commercial Auto,Rate Decrease,-1.4,2024-08-11,1.0,0.986,"NJ-North, NJ-West",3.1,1435,1415,At Market Avg,Premium,Actuarial Department,Pending,
Coastal Shield Insurance,55387,NY,2024-05-14,Commercial Auto,Rate Increase,2.6,2024-08-06,1.0,1.026,"NY-West, NY-East, NY-South",5.4,1920,1970,At Market Avg,Mid-Tier,Actuarial Department,Approved,2024-06-12
Coastal Shield Insurance,55387,OR,2025-11-05,Commercial Auto,Rate Decrease,-3.7,2025-12-13,1.0,0.963,"OR-South, OR-Central, OR-East",8.3,1315,1266,Premium Below Market Avg,Mid-Tier,Actuarial Department,Pending,
Coastal Shield Insurance,55387,VA,2025-04-09,Commercial Auto,Rate Increase,6.3,2025-05-29,1.0,1.063,"VA-North, VA-South",5.7,2067,2197,Premium Above Market Avg,Premium,Actuarial Department,Approved,2025-06-01
Coastal Shield Insurance,55387,WA,2024-10-30,Commercial Auto,Rate Increase,11.1,2025-02-25,1.0,1.111,"WA-North, WA-South, WA-West",3.0,1335,1483,Premium Above Market Avg,Premium,Actuarial Department,Approved,2025-01-29
Coastal Shield Insurance,55387,CA,2025-11-02,Homeowners,Rate Increase,10.4,2026-02-23,1.0,1.104,"CA-West, CA-Central",9.3,2858,3155,Premium Above Market Avg,Mid-Tier,Actuarial Department,Approved,2026-01-04
Coastal Shield Insurance,55387,FL,2025-06-25,Homeowners,Rate Decrease,-6.5,2025-08-07,1.0,0.935,"FL-South, FL-East, FL-West",1.5,3433,3210,Premium Below Market Avg,Mid-Tier,Actuarial Department,Approved,2025-08-14
Coastal Shield Insurance,55387,MA,2024-10-03,Homeowners,Rate Increase,3.5,2025-01-11,1.0,1.035,"MA-Central, MA-South",4.7,2404,2488,Premium Above Market Avg,Budget,Actuarial Department,Approved,2024-12-25
Coastal Shield Insurance,55387,MD,2025-09-24,Homeowners,New Filing,0.0,2025-12-19,1.0,1.0,"MD-West, MD-North",1.7,1954,1954,At Market Avg,Premium,Actuarial Department,Pending,
Coastal Shield Insurance,55387,NC,2025-11-07,Homeowners,Rate Increase,3.8,2025-12-26,1.0,1.038,"NC-South, NC-North",5.8,1673,1737,Premium Above Market Avg,Mid-Tier,Actuarial Department,Withdrawn,
Coastal Shield Insurance,55387,NJ,2024-05-21,Homeowners,Rate Increase,7.1,2024-06-22,1.0,1.071,"NJ-West, NJ-East, NJ-South",5.2,2159,2312,Premium Above Market Avg,Budget,Actuarial Department,Approved,2024-06-14
Coastal Shield Insurance,55387,NY,2025-09-15,Homeowners,Rate Decrease,-5.0,2026-01-07,1.0,0.95,"NY-West, NY-Central",3.5,1498,1423,Premium Below Market Avg,Mid-Tier,Actuarial Department,Approved,2025-11-29
Coastal Shield Insurance,55387,OR,2025-08-24,Homeowners,Rate Increase,3.2,2025-09-30,1.0,1.032,"OR-Central, OR-North, OR-South",13.5,3029,3126,Premium Above Market Avg,Mid-Tier,Actuarial Department,Rejected,
Coastal Shield Insurance,55387,VA,2025-11-21,Homeowners,Rate Increase,2.3,2026-01-19,1.0,1.023,"VA-North, VA-South",1.8,2366,2420,At Market Avg,Mid-Tier,Actuarial Department,Pending,
Coastal Shield Insurance,55387,WA,2025-05-12,Homeowners,Rate Increase,11.7,2025-06-19,1.0,1.117,"WA-North, WA-East, WA-South",6.9,1959,2188,Premium Above Market Avg,Mid-Tier,Actuarial Department,Pending,
Coastal Shield Insurance,55387,CA,2025-08-14,Personal Auto,Rate Increase,3.7,2025-10-10,1.0,1.037,"CA-East, CA-Central, CA-South",4.6,1148,1190,Premium Above Market Avg,Mid-Tier,Actuarial Department,Pending,
Coastal Shield Insurance,55387,FL,2025-02-08,Personal Auto,Rate Increase,8.4,2025-05-14,1.0,1.084,"FL-North, FL-Central",2.9,1314,1424,Premium Above Market Avg,Mid-Tier,Actuarial Department,Approved,2025-04-10
Coastal Shield Insurance,55387,MA,2024-11-02,Personal Auto,Rate Increase,9.4,2025-01-23,1.0,1.094,"MA-Central, MA-South",4.3,935,1023,Premium Above Market Avg,Mid-Tier,Actuarial Department,Approved,2024-12-30
Coastal Shield Insurance,55387,MD,2025-09-08,Personal Auto,Rate Increase,5.2,2025-11-06,1.0,1.052,"MD-Central, MD-West, MD-North",3.4,1366,1437,Premium Above Market Avg,Premium,Actuarial Department,Pending,
Coastal Shield Insurance,55387,NC,2025-01-25,Personal Auto,Rate Decrease,-1.1,2025-05-05,1.0,0.989,"NC-Central, NC-West",7.2,1233,1219,At Market Avg,Budget,Actuarial Department,Approved,2025-05-02
Coastal Shield Insurance,55387,NJ,2024-07-23,Personal Auto,Rate Decrease,-1.5,2024-10-19,1.0,0.985,"NJ-West, NJ-Central, NJ-South",1.0,1143,1126,At Market Avg,Mid-Tier,Actuarial Department,Pending,
Coastal Shield Insurance,55387,NY,2025-08-07,Personal Auto,Rate Increase,1.7,2025-09-25,1.0,1.017,"NY-Central, NY-South",6.7,932,948,At Market Avg,Budget,Actuarial Department,Rejected,
Coastal Shield Insurance,55387,OR,2025-10-27,Personal Auto,Rate Increase,8.7,2025-11-29,1.0,1.087,"OR-North, OR-South",3.7,1395,1516,Premium Above Market Avg,Mid-Tier,Actuarial Department,Approved,2025-11-28
Coastal Shield Insurance,55387,VA,2025-11-19,Personal Auto,Rate Increase,1.5,2025-12-26,1.0,1.015,"VA-West, VA-South",5.8,1179,1197,At Market Avg,Mid-Tier,Actuarial Department,Approved,2026-01-16
Coastal Shield Insurance,55387,WA,2025-02-21,Personal Auto,Rate Increase,10.2,2025-04-11,1.0,1.102,"WA-West, WA-East",16.3,1118,1232,Premium Above Market Avg,Budget,Actuarial Department,Approved,2025-03-30
Coastal Shield Insurance,55387,CA,2025-11-17,Workers Comp,Rate Increase,10.6,2025-12-29,1.0,1.106,"CA-Central, CA-East",7.3,2806,3103,Premium Above Market Avg,Mid-Tier,Actuarial Department,Approved,2026-01-13
Coastal Shield Insurance,55387,FL,2025-02-20,Workers Comp,Rate Decrease,-7.7,2025-05-29,1.0,0.923,"FL-North, FL-East",0.7,1140,1052,Premium Below Market Avg,Mid-Tier,Actuarial Department,Approved,2025-04-06
Coastal Shield Insurance,55387,MA,2025-06-11,Workers Comp,Rate Increase,10.9,2025-09-24,1.0,1.109,"MA-East, MA-West",2.2,1955,2168,Premium Above Market Avg,Budget,Actuarial Department,Approved,2025-08-25
Coastal Shield Insurance,55387,MD,2024-07-18,Workers Comp,Rate Decrease,-6.2,2024-09-23,1.0,0.938,"MD-South, MD-West, MD-East",6.8,2811,2637,Premium Below Market Avg,Premium,Actuarial Department,Approved,2024-09-12
Coastal Shield Insurance,55387,NC,2025-06-07,Workers Comp,Rate Decrease,-6.9,2025-08-29,1.0,0.931,"NC-Central, NC-West, NC-North",3.9,1707,1589,Premium Below Market Avg,Mid-Tier,Actuarial Department,Approved,2025-08-18
Coastal Shield Insurance,55387,NJ,2025-04-20,Workers Comp,Rate Decrease,-1.1,2025-07-15,1.0,0.989,"NJ-West, NJ-Central",10.2,1626,1608,At Market Avg,Budget,Actuarial Department,Approved,2025-06-13
Coastal Shield Insurance,55387,NY,2025-06-18,Workers Comp,Rate Increase,1.8,2025-07-28,1.0,1.018,"NY-North, NY-South",3.9,1195,1217,At Market Avg,Mid-Tier,Actuarial Department,Approved,2025-07-10
Coastal Shield Insurance,55387,OR,2025-11-03,Workers Comp,Rate Increase,1.4,2026-02-04,1.0,1.014,"OR-West, OR-North",7.3,1678,1701,At Market Avg,Mid-Tier,Actuarial Department,Approved,2026-01-24
Coastal Shield Insurance,55387,VA,2024-11-12,Workers Comp,New Filing,0.0,2025-02-26,1.0,1.0,"VA-South, VA-Central",6.3,2038,2038,At Market Avg,Premium,Actuarial Department,Pending,
Coastal Shield Insurance,55387,WA,2025-10-31,Workers Comp,Rate Decrease,-6.0,2026-02-22,1.0,0.94,"WA-Central, WA-West",4.5,1216,1143,Premium Below Market Avg,Premium,Actuarial Department,Approved,2026-02-15
Crescent National,40629,CA,2024-08-07,Commercial Auto,Rate Increase,9.7,2024-09-24,1.0,1.097,"CA-Central, CA-South",1.0,1634,1792,Premium Above Market Avg,Budget,Actuarial Department,Pending,
Crescent National,40629,FL,2025-08-25,Commercial Auto,Rate Increase,9.7,2025-10-13,1.0,1.097,"FL-South, FL-North",11.5,1687,1851,Premium Above Market Avg,Mid-Tier,Actuarial Department,Approved,2025-09-14
Crescent National,40629,MA,2024-11-27,Commercial Auto,Rate Increase,7.7,2025-02-28,1.0,1.077,"MA-West, MA-East",3.2,1818,1958,Premium Above Market Avg,Premium,Actuarial Department,Approved,2025-02-24
Crescent National,40629,MD,2024-08-19,Commercial Auto,Rate Increase,8.0,2024-11-28,1.0,1.08,"MD-Central, MD-East",2.9,2387,2578,Premium Above Market Avg,Budget,Actuarial Department,Pending,
Crescent National,40629,NC,2025-03-11,Commercial Auto,Rate Increase,4.9,2025-06-14,1.0,1.049,"NC-West, NC-North",1.6,909,954,Premium Above Market Avg,Premium,Actuarial Department,Pending,
Crescent National,40629,NJ,2024-11-12,Commercial Auto,Rate Decrease,-6.9,2025-02-15,1.0,0.931,"NJ-West, NJ-South",1.6,1078,1004,Premium Below Market Avg,Premium,Actuarial Department,Rejected,
Crescent National,40629,NY,2025-02-09,Commercial Auto,Rate Increase,2.1,2025-03-26,1.0,1.021,"NY-West, NY-East",5.8,1967,2008,At Market Avg,Budget,Actuarial Department,Pending,
Crescent National,40629,OR,2025-07-20,Commercial Auto,Rate Decrease,-7.5,2025-10-12,1.0,0.925,"OR-Central, OR-East, OR-North",4.2,1473,1363,Premium Below Market Avg,Mid-Tier,Actuarial Department,Approved,2025-10-08
Crescent National,40629,VA,2024-05-18,Commercial Auto,Rate Decrease,-4.2,2024-08-27,1.0,0.958,"VA-North, VA-South",5.7,1801,1725,Premium Below Market Avg,Budget,Actuarial Department,Rejected,
Crescent National,40629,WA,2025-08-04,Commercial Auto,Rate Increase,2.7,2025-10-06,1.0,1.027,"WA-West, WA-North",2.4,2031,2086,At Market Avg,Budget,Actuarial Department,Pending,
Crescent National,40629,CA,2025-05-20,Homeowners,Rate Increase,9.1,2025-07-17,1.0,1.091,"CA-Central, CA-East, CA-South",4.2,3363,3669,Premium Above Market Avg,Mid-Tier,Actuarial Department,Approved,2025-07-16
Crescent National,40629,FL,2025-05-31,Homeowners,Rate Decrease,-4.5,2025-08-01,1.0,0.955,"FL-West, FL-Central, FL-South",6.8,1768,1688,Premium Below Market Avg,Budget,Actuarial Department,Approved,2025-07-12
Crescent National,40629,MA,2025-10-10,Homeowners,Rate Increase,8.0,2025-12-15,1.0,1.08,"MA-North, MA-East",4.8,2950,3186,Premium Above Market Avg,Budget,Actuarial Department,Pending,
Crescent National,40629,MD,2024-05-08,Homeowners,Rate Increase,10.0,2024-07-07,1.0,1.1,"MD-South, MD-East, MD-Central",3.1,1186,1305,Premium Above Market Avg,Mid-Tier,Actuarial Department,Rejected,
Crescent National,40629,NC,2025-01-24,Homeowners,Rate Decrease,-7.8,2025-04-07,1.0,0.922,"NC-South, NC-Central",4.7,2405,2217,Premium Below Market Avg,Budget,Actuarial Department,Approved,2025-03-23
Crescent National,40629,NJ,2024-08-05,Homeowners,Rate Increase,1.2,2024-09-17,1.0,1.012,"NJ-West, NJ-Central",6.1,3412,3453,At Market Avg,Mid-Tier,Actuarial Department,Approved,2024-09-09
Crescent National,40629,NY,2024-09-28,Homeowners,Rate Increase,3.4,2024-12-24,1.0,1.034,"NY-East, NY-North, NY-South",5.0,1804,1865,Premium Above Market Avg,Premium,Actuarial Department,Approved,2024-11-03
Crescent National,40629,OR,2025-11-01,Homeowners,Rate Decrease,-4.8,2026-01-20,1.0,0.952,"OR-Central, OR-West",6.5,1258,1198,Premium Below Market Avg,Budget,Actuarial Department,Approved,2025-12-20
Crescent National,40629,VA,2024-07-13,Homeowners,Rate Increase,8.4,2024-08-15,1.0,1.084,"VA-East, VA-Central, VA-West",1.8,1978,2144,Premium Above Market Avg,Budget,Actuarial Department,Approved,2024-09-02
Crescent National,40629,WA,2025-07-10,Homeowners,Rate Decrease,-6.5,2025-09-22,1.0,0.935,"WA-Central, WA-East",5.9,1797,1680,Premium Below Market Avg,Mid-Tier,Actuarial Department,Pending,
Crescent National,40629,CA,2025-08-27,Personal Auto,Rate Decrease,-5.8,2025-09-30,1.0,0.942,"CA-East, CA-West",2.8,1344,1266,Premium Below Market Avg,Budget,Actuarial Department,Approved,2025-09-28
Crescent National,40629,FL,2024-11-21,Personal Auto,Rate Increase,3.0,2024-12-23,1.0,1.03,"FL-Central, FL-South",10.2,887,914,At Market Avg,Mid-Tier,Actuarial Department,Approved,2024-12-26
Crescent National,40629,MA,2025-07-15,Personal Auto,Rate Increase,3.9,2025-11-10,1.0,1.039,"MA-North, MA-South, MA-East",7.8,1116,1160,Premium Above Market Avg,Premium,Actuarial Department,Rejected,
Crescent National,40629,MD,2025-09-27,Personal Auto,Rate Increase,6.2,2025-12-30,1.0,1.062,"MD-West, MD-East",6.6,1102,1170,Premium Above Market Avg,Mid-Tier,Actuarial Department,Pending,
Crescent National,40629,NC,2024-10-12,Personal Auto,Rate Increase,10.3,2025-01-21,1.0,1.103,"NC-Central, NC-East, NC-North",6.9,1118,1233,Premium Above Market Avg,Premium,Actuarial Department,Withdrawn,
Crescent National,40629,NJ,2025-03-18,Personal Auto,Rate Increase,5.3,2025-05-21,1.0,1.053,"NJ-West, NJ-North",4.9,1325,1395,Premium Above Market Avg,Budget,Actuarial Department,Approved,2025-05-14
Crescent National,40629,NY,2025-01-16,Personal Auto,Rate Decrease,-6.3,2025-02-19,1.0,0.937,"NY-West, NY-South",1.0,1264,1184,Premium Below Market Avg,Mid-Tier,Actuarial Department,Pending,
Crescent National,40629,OR,2025-06-02,Personal Auto,Rate Increase,5.7,2025-09-10,1.0,1.057,"OR-East, OR-South, OR-Central",6.0,1004,1061,Premium Above Market Avg,Mid-Tier,Actuarial Department,Approved,2025-08-23
Crescent National,40629,VA,2025-09-01,Personal Auto,Rate Increase,1.8,2025-10-15,1.0,1.018,"VA-West, VA-Central, VA-East",8.8,1213,1235,At Market Avg,Mid-Tier,Actuarial Department,Approved,2025-10-07
Crescent National,40629,WA,2025-01-04,Personal Auto,Rate Increase,6.9,2025-04-03,1.0,1.069,"WA-East, WA-South",10.7,801,856,Premium Above Market Avg,Mid-Tier,Actuarial Department,Rejected,
Crescent National,40629,CA,2024-06-02,Workers Comp,Rate Decrease,-5.5,2024-08-11,1.0,0.945,"CA-North, CA-South, CA-East",2.5,1608,1520,Premium Below Market Avg,Premium,Actuarial Department,Approved,2024-07-18
Crescent National,40629,FL,2024-11-24,Workers Comp,Rate Increase,2.6,2025-01-08,1.0,1.026,"FL-North, FL-East",1.8,1457,1495,At Market Avg,Mid-Tier,Actuarial Department,Approved,2025-01-07
Crescent National,40629,MA,2024-08-05,Workers Comp,Rate Decrease,-6.0,2024-10-24,1.0,0.94,"MA-West, MA-East",5.4,1009,948,Premium Below Market Avg,Budget,Actuarial Department,Approved,2024-09-05
Crescent National,40629,MD,2025-03-28,Workers Comp,Rate Decrease,-6.1,2025-06-12,1.0,0.939,"MD-East, MD-Central",6.2,953,895,Premium Below Market Avg,Premium,Actuarial Department,Approved,2025-05-22
Crescent National,40629,NC,2025-03-06,Workers Comp,Rate Increase,8.8,2025-05-23,1.0,1.088,"NC-Central, NC-South",6.3,2322,2526,Premium Above Market Avg,Mid-Tier,Actuarial Department,Approved,2025-05-12
Crescent National,40629,NJ,2025-09-26,Workers Comp,Rate Increase,11.3,2025-11-10,1.0,1.113,"NJ-East, NJ-West, NJ-North",5.4,2863,3187,Premium Above Market Avg,Mid-Tier,Actuarial Department,Pending,
Crescent National,40629,NY,2024-07-03,Workers Comp,Rate Increase,9.6,2024-10-02,1.0,1.096,"NY-East, NY-West",3.9,2548,2793,Premium Above Market Avg,Mid-Tier,Actuarial Department,Approved,2024-08-22
Crescent National,40629,OR,2024-08-31,Workers Comp,Rate Decrease,-1.7,2024-10-28,1.0,0.983,"OR-South, OR-West",2.6,1138,1119,At Market Avg,Mid-Tier,Actuarial Department,Pending,
Crescent National,40629,VA,2025-08-12,Workers Comp,Rate Increase,3.2,2025-10-29,1.0,1.032,"VA-North, VA-East",6.2,2934,3028,Premium Above Market Avg,Mid-Tier,Actuarial Department,Approved,2025-10-26
Crescent National,40629,WA,2024-05-15,Workers Comp,Rate Increase,2.0,2024-07-02,1.0,1.02,"WA-South, WA-East",1.5,2311,2357,At Market Avg,Mid-Tier,Actuarial Department,Approved,2024-06-23
HarborPoint Casualty,76194,CA,2025-07-21,Commercial Auto,New Filing,0.0,2025-09-14,1.0,1.0,"CA-North, CA-Central",0.8,1517,1517,At Market Avg,Premium,Actuarial Department,Approved,2025-08-18
HarborPoint Casualty,76194,FL,2025-06-19,Commercial Auto,Rate Decrease,-5.3,2025-08-19,1.0,0.947,"FL-South, FL-West",2.4,1594,1510,Premium Below Market Avg,Mid-Tier,Actuarial Department,Approved,2025-08-02
HarborPoint Casualty,76194,MA,2024-12-29,Commercial Auto,Rate Increase,7.0,2025-03-09,1.0,1.07,"MA-Central, MA-West",4.1,1852,1982,Premium Above Market Avg,Mid-Tier,Actuarial Department,Approved,2025-03-03
HarborPoint Casualty,76194,MD,2025-01-25,Commercial Auto,Rate Increase,4.1,2025-04-10,1.0,1.041,"MD-West, MD-Central",9.1,2180,2269,Premium Above Market Avg,Mid-Tier,Actuarial Department,Pending,
HarborPoint Casualty,76194,NC,2025-10-26,Commercial Auto,Rate Decrease,-6.5,2026-02-17,1.0,0.935,"NC-North, NC-West",3.1,2154,2014,Premium Below Market Avg,Mid-Tier,Actuarial Department,Approved,2026-01-11
HarborPoint Casualty,76194,NJ,2024-10-27,Commercial Auto,Rate Increase,7.5,2024-12-02,1.0,1.075,"NJ-Central, NJ-North",2.1,1155,1242,Premium Above Market Avg,Budget,Actuarial Department,Approved,2024-11-21
HarborPoint Casualty,76194,NY,2025-02-22,Commercial Auto,Rate Decrease,-1.8,2025-05-31,1.0,0.982,"NY-North, NY-Central",0.9,2296,2255,At Market Avg,Premium,Actuarial Department,Approved,2025-04-08
HarborPoint Casualty,76194,OR,2025-10-25,Commercial Auto,Rate Decrease,-3.6,2026-01-20,1.0,0.964,"OR-Central, OR-South, OR-East",13.1,2274,2192,Premium Below Market Avg,Mid-Tier,Actuarial Department,Pending,
HarborPoint Casualty,76194,VA,2025-08-09,Commercial Auto,Rate Increase,5.6,2025-12-02,1.0,1.056,"VA-East, VA-Central",1.5,903,954,Premium Above Market Avg,Mid-Tier,Actuarial Department,Pending,
HarborPoint Casualty,76194,WA,2024-05-13,Commercial Auto,Rate Increase,7.0,2024-07-11,1.0,1.07,"WA-West, WA-North",4.1,1731,1852,Premium Above Market Avg,Mid-Tier,Actuarial Department,Approved,2024-07-09
HarborPoint Casualty,76194,CA,2024-08-30,Homeowners,Rate Increase,3.4,2024-10-26,1.0,1.034,"CA-Central, CA-West",5.5,2909,3008,Premium Above Market Avg,Budget,Actuarial Department,Approved,2024-09-21
HarborPoint Casualty,76194,FL,2024-07-27,Homeowners,Rate Increase,2.3,2024-10-13,1.0,1.023,"FL-East, FL-Central",4.0,2729,2792,At Market Avg,Premium,Actuarial Department,Rejected,
HarborPoint Casualty,76194,MA,2024-11-04,Homeowners,Rate Increase,9.7,2024-12-28,1.0,1.097,"MA-Central, MA-East",8.6,2773,3042,Premium Above Market Avg,Premium,Actuarial Department,Approved,2024-12-20
HarborPoint Casualty,76194,MD,2025-06-24,Homeowners,Rate Increase,4.7,2025-10-02,1.0,1.047,"MD-East, MD-North",3.1,3028,3170,Premium Above Market Avg,Premium,Actuarial Department,Approved,2025-08-11
HarborPoint Casualty,76194,NC,2025-10-11,Homeowners,Rate Increase,3.0,2025-12-15,1.0,1.03,"NC-Central, NC-South, NC-West",14.5,3362,3463,At Market Avg,Budget,Actuarial Department,Approved,2025-11-05
HarborPoint Casualty,76194,NJ,2024-06-04,Homeowners,Rate Increase,5.1,2024-09-01,1.0,1.051,"NJ-North, NJ-West, NJ-East",2.1,2955,3106,Premium Above Market Avg,Mid-Tier,Actuarial Department,Approved,2024-08-17
HarborPoint Casualty,76194,NY,2025-04-28,Homeowners,Rate Decrease,-6.6,2025-07-24,1.0,0.934,"NY-East, NY-Central, NY-West",1.5,2038,1903,Premium Below Market Avg,Budget,Actuarial Department,Approved,2025-06-09
HarborPoint Casualty,76194,OR,2025-11-22,Homeowners,Rate Decrease,-7.0,2026-03-17,1.0,0.93,"OR-West, OR-South, OR-North",1.5,2539,2361,Premium Below Market Avg,Premium,Actuarial Department,Pending,
HarborPoint Casualty,76194,VA,2025-02-19,Homeowners,Rate Decrease,-4.9,2025-06-18,1.0,0.951,"VA-West, VA-North",6.8,1734,1649,Premium Below Market Avg,Premium,Actuarial Department,Approved,2025-06-02
HarborPoint Casualty,76194,WA,2024-09-28,Homeowners,Rate Increase,4.1,2024-11-23,1.0,1.041,"WA-West, WA-East",2.8,2957,3078,Premium Above Market Avg,Mid-Tier,Actuarial Department,Approved,2024-10-15
HarborPoint Casualty,76194,CA,2025-11-21,Personal Auto,Rate Increase,5.6,2026-01-24,1.0,1.056,"CA-North, CA-South, CA-Central",2.3,1389,1467,Premium Above Market Avg,Mid-Tier,Actuarial Department,Approved,2025-12-19
HarborPoint Casualty,76194,FL,2025-01-14,Personal Auto,Rate Increase,7.3,2025-03-22,1.0,1.073,"FL-Central, FL-North",5.8,993,1065,Premium Above Market Avg,Budget,Actuarial Department,Approved,2025-03-15
HarborPoint Casualty,76194,MA,2025-07-28,Personal Auto,Rate Increase,9.6,2025-11-09,1.0,1.096,"MA-Central, MA-South",4.5,1209,1325,Premium Above Market Avg,Budget,Actuarial Department,Rejected,
HarborPoint Casualty,76194,MD,2024-08-28,Personal Auto,Rate Increase,7.4,2024-11-26,1.0,1.074,"MD-North, MD-East",7.0,1103,1185,Premium Above Market Avg,Mid-Tier,Actuarial Department,Approved,2024-10-31
HarborPoint Casualty,76194,NC,2025-11-08,Personal Auto,Rate Decrease,-6.6,2026-03-01,1.0,0.934,"NC-Central, NC-North, NC-West",6.2,934,872,Premium Below Market Avg,Mid-Tier,Actuarial Department,Approved,2026-02-03
HarborPoint Casualty,76194,NJ,2025-07-27,Personal Auto,Rate Increase,9.2,2025-11-04,1.0,1.092,"NJ-North, NJ-South",6.6,1423,1554,Premium Above Market Avg,Mid-Tier,Actuarial Department,Approved,2025-09-25
HarborPoint Casualty,76194,NY,2024-08-21,Personal Auto,Rate Decrease,-7.4,2024-10-17,1.0,0.926,"NY-South, NY-East",4.4,876,811,Premium Below Market Avg,Mid-Tier,Actuarial Department,Pending,
HarborPoint Casualty,76194,OR,2024-05-24,Personal Auto,Rate Increase,1.9,2024-09-14,1.0,1.019,"OR-Central, OR-East, OR-North",3.8,1442,1469,At Market Avg,Premium,Actuarial Department,Approved,2024-07-30
HarborPoint Casualty,76194,VA,2024-12-04,Personal Auto,New Filing,0.0,2025-01-10,1.0,1.0,"VA-North, VA-South, VA-East",4.8,1514,1514,At Market Avg,Mid-Tier,Actuarial Department,Approved,2025-01-16
HarborPoint Casualty,76194,WA,2024-07-05,Personal Auto,Rate Increase,3.5,2024-08-23,1.0,1.035,"WA-West, WA-North",5.4,807,835,Premium Above Market Avg,Budget,Actuarial Department,Approved,2024-08-19
HarborPoint Casualty,76194,CA,2025-11-14,Workers Comp,Rate Increase,3.8,2026-01-31,1.0,1.038,"CA-South, CA-Central",3.1,1225,1272,Premium Above Market Avg,Budget,Actuarial Department,Approved,2025-12-31
HarborPoint Casualty,76194,FL,2025-02-21,Workers Comp,Rate Decrease,-2.0,2025-04-01,1.0,0.98,"FL-West, FL-North",5.5,1020,1000,At Market Avg,Mid-Tier,Actuarial Department,Approved,2025-03-30
HarborPoint Casualty,76194,MA,2025-10-07,Workers Comp,Rate Decrease,-6.4,2025-11-20,1.0,0.936,"MA-South, MA-Central",2.0,1934,1810,Premium Below Market Avg,Mid-Tier,Actuarial Department,Pending,
HarborPoint Casualty,76194,MD,2025-03-18,Workers Comp,Rate Increase,9.8,2025-05-02,1.0,1.098,"MD-West, MD-Central",4.2,2092,2297,Premium Above Market Avg,Mid-Tier,Actuarial Department,Approved,2025-04-30
HarborPoint Casualty,76194,NC,2025-10-28,Workers Comp,New Filing,0.0,2026-02-11,1.0,1.0,"NC-South, NC-West",3.4,2847,2847,At Market Avg,Premium,Actuarial Department,Approved,2026-01-28
HarborPoint Casualty,76194,NJ,2025-10-21,Workers Comp,Rate Decrease,-3.6,2026-01-17,1.0,0.964,"NJ-Central, NJ-East",7.9,2209,2129,Premium Below Market Avg,Mid-Tier,Actuarial Department,Approved,2026-01-04
HarborPoint Casualty,76194,NY,2025-08-19,Workers Comp,Rate Increase,3.2,2025-10-11,1.0,1.032,"NY-West, NY-East",2.7,1883,1943,Premium Above Market Avg,Mid-Tier,Actuarial Department,Pending,
HarborPoint Casualty,76194,OR,2025-01-22,Workers Comp,Rate Decrease,-6.3,2025-03-09,1.0,0.937,"OR-South, OR-North, OR-Central",2.3,995,932,Premium Below Market Avg,Mid-Tier,Actuarial Department,Approved,2025-02-23
HarborPoint Casualty,76194,VA,2024-10-22,Workers Comp,Rate Increase,6.5,2025-02-15,1.0,1.065,"VA-South, VA-Central",2.0,2524,2688,Premium Above Market Avg,Premium,Actuarial Department,Approved,2025-01-27
HarborPoint Casualty,76194,WA,2025-01-18,Workers Comp,Rate Increase,9.8,2025-04-19,1.0,1.098,"WA-Central, WA-East",9.1,1713,1881,Premium Above Market Avg,Budget,Actuarial Department,Approved,2025-03-24
Heritage Specialty,76303,CA,2024-12-08,Commercial Auto,Rate Increase,4.2,2025-01-27,1.0,1.042,"CA-Central, CA-North, CA-East",1.6,1859,1937,Premium Above Market Avg,Mid-Tier,Actuarial Department,Approved,2025-02-04
Heritage Specialty,76303,FL,2025-02-18,Commercial Auto,Rate Increase,6.0,2025-05-16,1.0,1.06,"FL-West, FL-Central, FL-South",3.1,1449,1536,Premium Above Market Avg,Premium,Actuarial Department,Rejected,
Heritage Specialty,76303,MA,2025-08-10,Commercial Auto,Rate Increase,11.2,2025-10-05,1.0,1.112,"MA-North, MA-Central",7.3,996,1108,Premium Above Market Avg,Premium,Actuarial Department,Approved,2025-09-29
Heritage Specialty,76303,MD,2024-11-22,Commercial Auto,New Filing,0.0,2024-12-26,1.0,1.0,"MD-Central, MD-West",8.1,2270,2270,At Market Avg,Mid-Tier,Actuarial Department,Pending,
Heritage Specialty,76303,NC,2024-09-04,Commercial Auto,Rate Increase,8.6,2024-10-04,1.0,1.086,"NC-North, NC-East",7.1,1677,1821,Premium Above Market Avg,Budget,Actuarial Department,Approved,2024-10-29
Heritage Specialty,76303,NJ,2025-02-21,Commercial Auto,Rate Decrease,-5.1,2025-03-27,1.0,0.949,"NJ-Central, NJ-North",5.8,1951,1851,Premium Below Market Avg,Premium,Actuarial Department,Approved,2025-03-27
Heritage Specialty,76303,NY,2024-10-22,Commercial Auto,Rate Increase,10.1,2025-01-20,1.0,1.101,"NY-West, NY-South, NY-East",2.8,2333,2569,Premium Above Market Avg,Premium,Actuarial Department,Approved,2024-12-10
Heritage Specialty,76303,OR,2024-08-11,Commercial Auto,Rate Increase,2.9,2024-11-20,1.0,1.029,"OR-East, OR-South",3.7,984,1013,At Market Avg,Mid-Tier,Actuarial Department,Approved,2024-11-04
Heritage Specialty,76303,VA,2024-08-14,Commercial Auto,Rate Increase,2.5,2024-11-05,1.0,1.025,"VA-South, VA-West, VA-East",2.5,1234,1265,At Market Avg,Budget,Actuarial Department,Approved,2024-10-20
Heritage Specialty,76303,WA,2024-10-05,Commercial Auto,Rate Increase,5.2,2025-01-03,1.0,1.052,"WA-Central, WA-East",2.9,1023,1076,Premium Above Market Avg,Mid-Tier,Actuarial Department,Approved,2024-12-04
Heritage Specialty,76303,CA,2025-10-09,Homeowners,Rate Increase,8.2,2025-11-25,1.0,1.082,"CA-South, CA-West",3.4,1206,1305,Premium Above Market Avg,Mid-Tier,Actuarial Department,Approved,2025-11-10
Heritage Specialty,76303,FL,2024-08-25,Homeowners,Rate Decrease,-6.7,2024-11-23,1.0,0.933,"FL-East, FL-West",3.6,1268,1183,Premium Below Market Avg,Mid-Tier,Actuarial Department,Approved,2024-10-04
Heritage Specialty,76303,MA,2024-11-01,Homeowners,Rate Increase,3.4,2025-02-04,1.0,1.034,"MA-Central, MA-East",5.9,2625,2714,Premium Above Market Avg,Mid-Tier,Actuarial Department,Approved,2024-12-07
Heritage Specialty,76303,MD,2024-11-08,Homeowners,Rate Decrease,-3.8,2025-01-19,1.0,0.962,"MD-North, MD-South, MD-East",2.7,1703,1638,Premium Below Market Avg,Premium,Actuarial Department,Approved,2024-12-27
Heritage Specialty,76303,NC,2024-11-13,Homeowners,Rate Increase,4.6,2025-02-13,1.0,1.046,"NC-East, NC-Central",3.7,2711,2836,Premium Above Market Avg,Premium,Actuarial Department,Rejected,
Heritage Specialty,76303,NJ,2024-09-22,Homeowners,Rate Decrease,-2.9,2024-10-24,1.0,0.971,"NJ-West, NJ-North, NJ-Central",1.1,3229,3135,Premium Below Market Avg,Mid-Tier,Actuarial Department,Approved,2024-10-24
Heritage Specialty,76303,NY,2024-05-25,Homeowners,Rate Decrease,-1.9,2024-07-18,1.0,0.981,"NY-East, NY-South, NY-West",9.0,1905,1869,At Market Avg,Budget,Actuarial Department,Approved,2024-07-14
Heritage Specialty,76303,OR,2024-11-25,Homeowners,New Filing,0.0,2025-03-15,1.0,1.0,"OR-South, OR-West",4.1,3372,3372,At Market Avg,Premium,Actuarial Department,Approved,2025-03-08
Heritage Specialty,76303,VA,2025-02-17,Homeowners,Rate Increase,5.4,2025-03-20,1.0,1.054,"VA-Central, VA-North",2.7,1324,1395,Premium Above Market Avg,Mid-Tier,Actuarial Department,Approved,2025-03-18
Heritage Specialty,76303,WA,2025-09-27,Homeowners,New Filing,0.0,2026-01-14,1.0,1.0,"WA-East, WA-Central",3.3,2922,2922,At Market Avg,Mid-Tier,Actuarial Department,Approved,2026-01-06
Heritage Specialty,76303,CA,2025-07-05,Personal Auto,Rate Increase,7.3,2025-10-06,1.0,1.073,"CA-South, CA-Central",3.7,1462,1569,Premium Above Market Avg,Mid-Tier,Actuarial Department,Approved,2025-08-29
Heritage Specialty,76303,FL,2025-06-26,Personal Auto,Rate Decrease,-2.8,2025-08-16,1.0,0.972,"FL-Central, FL-West",1.5,1338,1301,Premium Below Market Avg,Premium,Actuarial Department,Approved,2025-08-04
Heritage Specialty,76303,MA,2025-01-28,Personal Auto,Rate Decrease,-2.9,2025-04-01,1.0,0.971,"MA-East, MA-West",9.9,1588,1542,Premium Below Market Avg,Premium,Actuarial Department,Approved,2025-02-17
Heritage Specialty,76303,MD,2024-11-05,Personal Auto,Rate Increase,7.2,2024-12-20,1.0,1.072,"MD-North, MD-Central",3.6,1455,1560,Premium Above Market Avg,Budget,Actuarial Department,Pending,
Heritage Specialty,76303,NC,2025-04-08,Personal Auto,Rate Increase,8.2,2025-06-29,1.0,1.082,"NC-North, NC-East, NC-South",3.4,921,997,Premium Above Market Avg,Premium,Actuarial Department,Rejected,
Heritage Specialty,76303,NJ,2025-03-07,Personal Auto,Rate Increase,5.2,2025-05-03,1.0,1.052,"NJ-North, NJ-South, NJ-East",11.0,1320,1389,Premium Above Market Avg,Budget,Actuarial Department,Approved,2025-05-05
Heritage Specialty,76303,NY,2025-04-23,Personal Auto,Rate Increase,12.0,2025-06-23,1.0,1.12,"NY-South, NY-West",5.1,1186,1328,Premium Above Market Avg,Premium,Actuarial Department,Approved,2025-06-14
Heritage Specialty,76303,OR,2025-05-16,Personal Auto,Rate Decrease,-7.8,2025-07-13,1.0,0.922,"OR-Central, OR-South, OR-North",2.5,1073,989,Premium Below Market Avg,Premium,Actuarial Department,Approved,2025-07-05
Heritage Specialty,76303,VA,2025-06-19,Personal Auto,Rate Decrease,-6.5,2025-09-17,1.0,0.935,"VA-Central, VA-South, VA-West",5.3,1018,952,Premium Below Market Avg,Budget,Actuarial Department,Approved,2025-08-20
Heritage Specialty,76303,WA,2025-05-26,Personal Auto,Rate Increase,8.3,2025-07-08,1.0,1.083,"WA-South, WA-Central",4.3,1383,1498,Premium Above Market Avg,Premium,Actuarial Department,Approved,2025-07-07
Heritage Specialty,76303,CA,2024-12-26,Workers Comp,Rate Decrease,-3.5,2025-04-17,1.0,0.965,"CA-Central, CA-North",2.3,2175,2099,Premium Below Market Avg,Mid-Tier,Actuarial Department,Approved,2025-03-29
Heritage Specialty,76303,FL,2025-12-03,Workers Comp,Rate Decrease,-7.8,2026-03-17,1.0,0.922,"FL-North, FL-West",7.8,1746,1610,Premium Below Market Avg,Mid-Tier,Actuarial Department,Approved,2026-03-01
Heritage Specialty,76303,MA,2024-09-03,Workers Comp,Rate Decrease,-5.7,2024-12-17,1.0,0.943,"MA-West, MA-Central",5.1,1546,1458,Premium Below Market Avg,Mid-Tier,Actuarial Department,Pending,
Heritage Specialty,76303,MD,2024-06-07,Workers Comp,Rate Increase,2.4,2024-08-17,1.0,1.024,"MD-East, MD-North",8.9,2948,3019,At Market Avg,Mid-Tier,Actuarial Department,Approved,2024-07-22
Heritage Specialty,76303,NC,2024-06-06,Workers Comp,Rate Decrease,-1.3,2024-08-17,1.0,0.987,"NC-South, NC-West",1.8,2806,2770,At Market Avg,Premium,Actuarial Department,Pending,
Heritage Specialty,76303,NJ,2025-11-09,Workers Comp,New Filing,0.0,2026-01-23,1.0,1.0,"NJ-Central, NJ-South, NJ-East",1.3,2488,2488,At Market Avg,Mid-Tier,Actuarial Department,Approved,2026-01-20
Heritage Specialty,76303,NY,2025-06-28,Workers Comp,Rate Increase,7.4,2025-09-22,1.0,1.074,"NY-East, NY-Central",2.1,2733,2935,Premium Above Market Avg,Mid-Tier,Actuarial Department,Withdrawn,
Heritage Specialty,76303,OR,2025-04-18,Workers Comp,Rate Increase,8.3,2025-07-20,1.0,1.083,"OR-East, OR-North",4.3,1903,2061,Premium Above Market Avg,Mid-Tier,Actuarial Department,Approved,2025-06-30
Heritage Specialty,76303,VA,2025-09-20,Workers Comp,Rate Increase,8.4,2025-10-23,1.0,1.084,"VA-North, VA-West, VA-East",8.9,1626,1763,Premium Above Market Avg,Premium,Actuarial Department,Approved,2025-11-11
Heritage Specialty,76303,WA,2025-02-02,Workers Comp,Rate Increase,2.6,2025-03-31,1.0,1.026,"WA-Central, WA-North",12.5,1887,1936,At Market Avg,Mid-Tier,Actuarial Department,Approved,2025-03-15
Liberty Bay Indemnity,83173,CA,2024-06-30,Commercial Auto,Rate Decrease,-6.8,2024-08-16,1.0,0.932,"CA-East, CA-Central",13.2,1576,1469,Premium Below Market Avg,Premium,Actuarial Department,Approved,2024-08-20
Liberty Bay Indemnity,83173,FL,2024-05-28,Commercial Auto,Rate Increase,9.6,2024-07-23,1.0,1.096,"FL-Central, FL-North",3.1,1510,1655,Premium Above Market Avg,Budget,Actuarial Department,Approved,2024-07-20
Liberty Bay Indemnity,83173,MA,2025-06-21,Commercial Auto,Rate Increase,5.9,2025-09-17,1.0,1.059,"MA-North, MA-Central",7.7,2397,2538,Premium Above Market Avg,Mid-Tier,Actuarial Department,Approved,2025-09-13
Liberty Bay Indemnity,83173,MD,2024-09-16,Commercial Auto,Rate Decrease,-2.2,2024-12-05,1.0,0.978,"MD-South, MD-East",5.9,1263,1235,Premium Below Market Avg,Mid-Tier,Actuarial Department,Approved,2024-10-26
Liberty Bay Indemnity,83173,NC,2025-03-30,Commercial Auto,Rate Decrease,-2.7,2025-06-02,1.0,0.973,"NC-Central, NC-East",8.6,999,972,Premium Below Market Avg,Budget,Actuarial Department,Approved,2025-04-23
Liberty Bay Indemnity,83173,NJ,2025-09-03,Commercial Auto,Rate Increase,3.8,2025-12-12,1.0,1.038,"NJ-East, NJ-South",0.1,1627,1689,Premium Above Market Avg,Mid-Tier,Actuarial Department,Rejected,
Liberty Bay Indemnity,83173,NY,2025-04-05,Commercial Auto,Rate Increase,2.4,2025-07-21,1.0,1.024,"NY-West, NY-Central",5.2,1788,1831,At Market Avg,Budget,Actuarial Department,Approved,2025-07-01
Liberty Bay Indemnity,83173,OR,2024-06-20,Commercial Auto,Rate Increase,6.4,2024-10-11,1.0,1.064,"OR-South, OR-West",6.0,1171,1246,Premium Above Market Avg,Budget,Actuarial Department,Approved,2024-09-20
Liberty Bay Indemnity,83173,VA,2025-04-30,Commercial Auto,Rate Increase,9.6,2025-08-14,1.0,1.096,"VA-Central, VA-West",4.5,1555,1704,Premium Above Market Avg,Premium,Actuarial Department,Approved,2025-08-11
Liberty Bay Indemnity,83173,WA,2025-07-08,Commercial Auto,Rate Increase,9.0,2025-09-08,1.0,1.09,"WA-West, WA-Central, WA-North",5.5,1778,1938,Premium Above Market Avg,Mid-Tier,Actuarial Department,Approved,2025-08-23
Liberty Bay Indemnity,83173,CA,2025-10-17,Homeowners,Rate Decrease,-3.8,2025-12-31,1.0,0.962,"CA-East, CA-South",1.3,2782,2676,Premium Below Market Avg,Mid-Tier,Actuarial Department,Rejected,
Liberty Bay Indemnity,83173,FL,2025-08-01,Homeowners,Rate Increase,6.2,2025-09-22,1.0,1.062,"FL-West, FL-North",4.5,1727,1834,Premium Above Market Avg,Mid-Tier,Actuarial Department,Approved,2025-09-14
Liberty Bay Indemnity,83173,MA,2024-07-24,Homeowners,Rate Increase,2.4,2024-10-10,1.0,1.024,"MA-South, MA-East",2.8,2291,2346,At Market Avg,Mid-Tier,Actuarial Department,Pending,
Liberty Bay Indemnity,83173,MD,2024-07-09,Homeowners,Rate Increase,11.4,2024-08-31,1.0,1.114,"MD-South, MD-Central",7.3,3168,3529,Premium Above Market Avg,Mid-Tier,Actuarial Department,Pending,
Liberty Bay Indemnity,83173,NC,2024-12-02,Homeowners,Rate Decrease,-4.0,2025-01-16,1.0,0.96,"NC-South, NC-East",3.9,2146,2060,Premium Below Market Avg,Mid-Tier,Actuarial Department,Approved,2024-12-25
Liberty Bay Indemnity,83173,NJ,2024-06-12,Homeowners,Rate Increase,9.0,2024-07-21,1.0,1.09,"NJ-West, NJ-South",0.7,1804,1966,Premium Above Market Avg,Mid-Tier,Actuarial Department,Approved,2024-07-18
Liberty Bay Indemnity,83173,NY,2025-01-11,Homeowners,Rate Increase,8.3,2025-02-11,1.0,1.083,"NY-South, NY-West, NY-North",3.7,1237,1340,Premium Above Market Avg,Budget,Actuarial Department,Approved,2025-02-26
Liberty Bay Indemnity,83173,OR,2025-09-16,Homeowners,Rate Increase,3.3,2025-10-28,1.0,1.033,"OR-South, OR-West",10.5,3029,3129,Premium Above Market Avg,Budget,Actuarial Department,Approved,2025-10-23
Liberty Bay Indemnity,83173,VA,2024-11-08,Homeowners,Rate Decrease,-5.8,2025-01-26,1.0,0.942,"VA-South, VA-East",3.9,1849,1742,Premium Below Market Avg,Mid-Tier,Actuarial Department,Approved,2025-01-19
Liberty Bay Indemnity,83173,WA,2025-08-05,Homeowners,Rate Increase,11.1,2025-11-30,1.0,1.111,"WA-Central, WA-West, WA-South",3.2,1914,2126,Premium Above Market Avg,Budget,Actuarial Department,Approved,2025-11-12
Liberty Bay Indemnity,83173,CA,2025-11-30,Personal Auto,Rate Increase,7.6,2026-03-22,1.0,1.076,"CA-Central, CA-East, CA-South",2.0,1483,1596,Premium Above Market Avg,Mid-Tier,Actuarial Department,Approved,2026-02-16
Liberty Bay Indemnity,83173,FL,2025-03-22,Personal Auto,Rate Increase,2.3,2025-05-18,1.0,1.023,"FL-North, FL-East, FL-South",6.1,1497,1531,At Market Avg,Mid-Tier,Actuarial Department,Pending,
Liberty Bay Indemnity,83173,MA,2025-03-18,Personal Auto,Rate Increase,8.8,2025-06-18,1.0,1.088,"MA-Central, MA-North",2.3,935,1017,Premium Above Market Avg,Premium,Actuarial Department,Approved,2025-06-01
Liberty Bay Indemnity,83173,MD,2025-07-01,Personal Auto,Rate Decrease,-6.8,2025-09-15,1.0,0.932,"MD-North, MD-West",1.3,890,829,Premium Below Market Avg,Mid-Tier,Actuarial Department,Pending,
Liberty Bay Indemnity,83173,NC,2025-03-26,Personal Auto,Rate Increase,4.8,2025-06-13,1.0,1.048,"NC-East, NC-North",9.1,809,848,Premium Above Market Avg,Mid-Tier,Actuarial Department,Rejected,
Liberty Bay Indemnity,83173,NJ,2025-07-15,Personal Auto,Rate Increase,6.8,2025-11-03,1.0,1.068,"NJ-North, NJ-Central",1.8,859,917,Premium Above Market Avg,Mid-Tier,Actuarial Department,Approved,2025-10-21
Liberty Bay Indemnity,83173,NY,2024-05-17,Personal Auto,Rate Increase,10.0,2024-07-28,1.0,1.1,"NY-North, NY-East",0.6,1148,1263,Premium Above Market Avg,Premium,Actuarial Department,Approved,2024-07-10
Liberty Bay Indemnity,83173,OR,2025-08-26,Personal Auto,Rate Increase,10.5,2025-11-29,1.0,1.105,"OR-North, OR-South",5.1,1378,1523,Premium Above Market Avg,Budget,Actuarial Department,Pending,
Liberty Bay Indemnity,83173,VA,2024-09-04,Personal Auto,Rate Increase,4.8,2024-11-15,1.0,1.048,"VA-South, VA-West, VA-Central",5.0,1400,1467,Premium Above Market Avg,Mid-Tier,Actuarial Department,Approved,2024-10-13
Liberty Bay Indemnity,83173,WA,2024-08-16,Personal Auto,Rate Increase,8.4,2024-10-26,1.0,1.084,"WA-East, WA-North, WA-West",5.3,1057,1146,Premium Above Market Avg,Mid-Tier,Actuarial Department,Approved,2024-08-29
Liberty Bay Indemnity,83173,CA,2025-09-01,Workers Comp,Rate Increase,10.5,2025-10-29,1.0,1.105,"CA-West, CA-Central, CA-East",1.4,1370,1514,Premium Above Market Avg,Mid-Tier,Actuarial Department,Approved,2025-10-10
Liberty Bay Indemnity,83173,FL,2024-08-29,Workers Comp,Rate Increase,4.6,2024-12-01,1.0,1.046,"FL-East, FL-North, FL-West",10.7,2408,2519,Premium Above Market Avg,Mid-Tier,Actuarial Department,Approved,2024-11-14
Liberty Bay Indemnity,83173,MA,2024-08-17,Workers Comp,Rate Increase,10.0,2024-11-24,1.0,1.1,"MA-Central, MA-East",3.7,1975,2172,Premium Above Market Avg,Premium,Actuarial Department,Rejected,
Liberty Bay Indemnity,83173,MD,2024-10-13,Workers Comp,Rate Increase,9.8,2024-11-18,1.0,1.098,"MD-North, MD-West",14.3,1839,2019,Premium Above Market Avg,Premium,Actuarial Department,Approved,2024-12-02
Liberty Bay Indemnity,83173,NC,2025-03-31,Workers Comp,Rate Decrease,-1.8,2025-06-26,1.0,0.982,"NC-East, NC-South",3.6,2890,2838,At Market Avg,Budget,Actuarial Department,Pending,
Liberty Bay Indemnity,83173,NJ,2025-12-15,Workers Comp,Rate Decrease,-4.3,2026-02-11,1.0,0.957,"NJ-East, NJ-Central",15.9,2363,2261,Premium Below Market Avg,Premium,Actuarial Department,Pending,
Liberty Bay Indemnity,83173,NY,2025-11-19,Workers Comp,Rate Increase,8.0,2025-12-28,1.0,1.08,"NY-South, NY-East",5.4,2085,2252,Premium Above Market Avg,Premium,Actuarial Department,Approved,2025-12-30
Liberty Bay Indemnity,83173,OR,2025-10-04,Workers Comp,Rate Decrease,-6.0,2026-01-05,1.0,0.94,"OR-South, OR-North",11.1,1564,1470,Premium Below Market Avg,Budget,Actuarial Department,Approved,2026-01-01
Liberty Bay Indemnity,83173,VA,2024-06-05,Workers Comp,Rate Increase,2.6,2024-07-21,1.0,1.026,"VA-South, VA-East",4.4,2928,3004,At Market Avg,Budget,Actuarial Department,Pending,
Liberty Bay Indemnity,83173,WA,2024-09-24,Workers Comp,Rate Increase,10.6,2024-12-04,1.0,1.106,"WA-South, WA-East",10.0,2450,2710,Premium Above Market Avg,Mid-Tier,Actuarial Department,Pending,
Mariner General,40878,CA,2025-01-15,Commercial Auto,Rate Increase,6.5,2025-03-04,1.0,1.065,"CA-East, CA-South",9.7,2368,2522,Premium Above Market Avg,Mid-Tier,Actuarial Department,Approved,2025-02-21
Mariner General,40878,FL,2024-06-13,Commercial Auto,Rate Decrease,-3.5,2024-09-02,1.0,0.965,"FL-South, FL-Central, FL-North",3.1,1621,1564,Premium Below Market Avg,Mid-Tier,Actuarial Department,Approved,2024-07-27
Mariner General,40878,MA,2025-03-27,Commercial Auto,Rate Decrease,-2.5,2025-05-21,1.0,0.975,"MA-East, MA-South",2.6,1881,1834,Premium Below Market Avg,Premium,Actuarial Department,Approved,2025-05-12
Mariner General,40878,MD,2025-12-06,Commercial Auto,Rate Increase,5.9,2026-01-30,1.0,1.059,"MD-North, MD-South",6.6,2065,2187,Premium Above Market Avg,Mid-Tier,Actuarial Department,Pending,
Mariner General,40878,NC,2025-03-13,Commercial Auto,Rate Decrease,-3.9,2025-07-03,1.0,0.961,"NC-South, NC-North",8.7,1657,1592,Premium Below Market Avg,Premium,Actuarial Department,Approved,2025-06-09
Mariner General,40878,NJ,2025-04-17,Commercial Auto,Rate Decrease,-6.9,2025-05-27,1.0,0.931,"NJ-East, NJ-West",3.3,1729,1610,Premium Below Market Avg,Mid-Tier,Actuarial Department,Pending,
Mariner General,40878,NY,2025-06-21,Commercial Auto,Rate Decrease,-5.7,2025-08-24,1.0,0.943,"NY-North, NY-South",6.1,2167,2043,Premium Below Market Avg,Premium,Actuarial Department,Approved,2025-08-11
Mariner General,40878,OR,2025-05-27,Commercial Auto,Rate Decrease,-6.0,2025-06-29,1.0,0.94,"OR-West, OR-East",1.4,1864,1752,Premium Below Market Avg,Mid-Tier,Actuarial Department,Approved,2025-06-27
Mariner General,40878,VA,2025-02-28,Commercial Auto,Rate Decrease,-6.7,2025-04-06,1.0,0.933,"VA-South, VA-West, VA-North",4.9,1012,944,Premium Below Market Avg,Premium,Actuarial Department,Approved,2025-03-18
Mariner General,40878,WA,2025-06-09,Commercial Auto,Rate Decrease,-1.3,2025-08-21,1.0,0.987,"WA-North, WA-East",5.6,1976,1950,At Market Avg,Mid-Tier,Actuarial Department,Approved,2025-08-19
Mariner General,40878,CA,2025-07-12,Homeowners,Rate Decrease,-6.3,2025-10-25,1.0,0.937,"CA-West, CA-North",1.9,3102,2907,Premium Below Market Avg,Budget,Actuarial Department,Approved,2025-10-01
Mariner General,40878,FL,2024-11-24,Homeowners,Rate Increase,2.1,2025-03-17,1.0,1.021,"FL-East, FL-South",2.4,1339,1367,At Market Avg,Premium,Actuarial Department,Rejected,
Mariner General,40878,MA,2024-10-28,Homeowners,Rate Increase,6.7,2024-12-09,1.0,1.067,"MA-North, MA-West, MA-South",5.2,1863,1988,Premium Above Market Avg,Premium,Actuarial Department,Approved,2024-12-01
Mariner General,40878,MD,2024-06-21,Homeowners,Rate Increase,2.8,2024-09-12,1.0,1.028,"MD-North, MD-East",3.2,3413,3509,At Market Avg,Mid-Tier,Actuarial Department,Approved,2024-07-08
Mariner General,40878,NC,2025-02-01,Homeowners,Rate Decrease,-3.4,2025-03-25,1.0,0.966,"NC-Central, NC-West",1.3,1859,1796,Premium Below Market Avg,Premium,Actuarial Department,Approved,2025-03-16
Mariner General,40878,NJ,2025-06-15,Homeowners,Rate Increase,7.9,2025-10-07,1.0,1.079,"NJ-West, NJ-North",4.5,3463,3737,Premium Above Market Avg,Budget,Actuarial Department,Approved,2025-09-08
Mariner General,40878,NY,2025-01-05,Homeowners,Rate Increase,7.2,2025-03-28,1.0,1.072,"NY-South, NY-North",5.2,3051,3271,Premium Above Market Avg,Budget,Actuarial Department,Approved,2025-02-22
Mariner General,40878,OR,2025-11-14,Homeowners,Rate Decrease,-7.5,2026-02-02,1.0,0.925,"OR-East, OR-West",2.5,3459,3200,Premium Below Market Avg,Mid-Tier,Actuarial Department,Pending,
Mariner General,40878,VA,2025-01-31,Homeowners,Rate Increase,3.6,2025-05-07,1.0,1.036,"VA-East, VA-North",3.9,2274,2356,Premium Above Market Avg,Budget,Actuarial Department,Approved,2025-04-19
Mariner General,40878,WA,2025-03-27,Homeowners,Rate Increase,4.3,2025-04-26,1.0,1.043,"WA-West, WA-East",4.5,1913,1995,Premium Above Market Avg,Premium,Actuarial Department,Approved,2025-04-17
Mariner General,40878,CA,2024-11-10,Personal Auto,Rate Increase,11.3,2025-01-09,1.0,1.113,"CA-East, CA-North, CA-Central",5.9,1491,1659,Premium Above Market Avg,Mid-Tier,Actuarial Department,Approved,2025-01-07
Mariner General,40878,FL,2025-06-19,Personal Auto,Rate Decrease,-5.8,2025-09-05,1.0,0.942,"FL-North, FL-Central",9.2,1577,1486,Premium Below Market Avg,Mid-Tier,Actuarial Department,Approved,2025-08-21
Mariner General,40878,MA,2025-03-24,Personal Auto,Rate Decrease,-5.3,2025-07-09,1.0,0.947,"MA-Central, MA-North",6.4,1165,1103,Premium Below Market Avg,Mid-Tier,Actuarial Department,Approved,2025-04-21
Mariner General,40878,MD,2025-04-18,Personal Auto,Rate Increase,8.8,2025-06-07,1.0,1.088,"MD-West, MD-Central",3.8,1285,1398,Premium Above Market Avg,Mid-Tier,Actuarial Department,Approved,2025-06-03
Mariner General,40878,NC,2025-07-15,Personal Auto,Rate Increase,6.9,2025-08-23,1.0,1.069,"NC-East, NC-Central",4.2,1178,1259,Premium Above Market Avg,Mid-Tier,Actuarial Department,Rejected,
Mariner General,40878,NJ,2024-05-14,Personal Auto,Rate Increase,12.0,2024-06-15,1.0,1.12,"NJ-Central, NJ-East, NJ-West",8.0,870,974,Premium Above Market Avg,Mid-Tier,Actuarial Department,Rejected,
Mariner General,40878,NY,2024-11-09,Personal Auto,Rate Increase,7.3,2025-03-05,1.0,1.073,"NY-East, NY-North, NY-South",2.7,1431,1535,Premium Above Market Avg,Budget,Actuarial Department,Approved,2025-01-11
Mariner General,40878,OR,2025-10-06,Personal Auto,Rate Increase,10.5,2026-01-14,1.0,1.105,"OR-South, OR-Central",8.4,982,1085,Premium Above Market Avg,Mid-Tier,Actuarial Department,Approved,2025-12-13
Mariner General,40878,VA,2024-06-21,Personal Auto,Rate Decrease,-1.9,2024-08-19,1.0,0.981,"VA-Central, VA-East, VA-North",5.8,1435,1408,At Market Avg,Mid-Tier,Actuarial Department,Approved,2024-07-31
Mariner General,40878,WA,2025-03-12,Personal Auto,Rate Increase,9.3,2025-04-20,1.0,1.093,"WA-West, WA-North",3.0,1491,1630,Premium Above Market Avg,Budget,Actuarial Department,Approved,2025-05-04
Mariner General,40878,CA,2025-11-30,Workers Comp,Rate Increase,8.9,2026-03-10,1.0,1.089,"CA-West, CA-North",5.2,2056,2239,Premium Above Market Avg,Mid-Tier,Actuarial Department,Approved,2026-02-05
Mariner General,40878,FL,2025-06-08,Workers Comp,Rate Decrease,-2.1,2025-09-23,1.0,0.979,"FL-South, FL-West",8.8,1931,1890,Premium Below Market Avg,Mid-Tier,Actuarial Department,Approved,2025-09-22
Mariner General,40878,MA,2025-07-19,Workers Comp,Rate Increase,7.3,2025-09-03,1.0,1.073,"MA-West, MA-Central",1.8,2972,3189,Premium Above Market Avg,Mid-Tier,Actuarial Department,Approved,2025-08-25
Mariner General,40878,MD,2025-03-17,Workers Comp,Rate Decrease,-4.2,2025-06-21,1.0,0.958,"MD-West, MD-North, MD-East",3.2,1164,1115,Premium Below Market Avg,Mid-Tier,Actuarial Department,Approved,2025-06-08
Mariner General,40878,NC,2025-01-27,Workers Comp,Rate Increase,11.7,2025-04-25,1.0,1.117,"NC-South, NC-Central",1.9,1092,1220,Premium Above Market Avg,Mid-Tier,Actuarial Department,Approved,2025-02-27
Mariner General,40878,NJ,2025-06-19,Workers Comp,Rate Increase,1.7,2025-07-20,1.0,1.017,"NJ-West, NJ-North",1.8,1837,1868,At Market Avg,Mid-Tier,Actuarial Department,Approved,2025-08-06
Mariner General,40878,NY,2024-05-08,Workers Comp,Rate Increase,8.3,2024-06-18,1.0,1.083,"NY-South, NY-West",2.8,1266,1371,Premium Above Market Avg,Mid-Tier,Actuarial Department,Pending,
Mariner General,40878,OR,2025-11-25,Workers Comp,Rate Increase,3.6,2026-03-05,1.0,1.036,"OR-East, OR-Central",1.4,2722,2820,Premium Above Market Avg,Mid-Tier,Actuarial Department,Approved,2026-01-16
Mariner General,40878,VA,2024-11-25,Workers Comp,Rate Decrease,-4.1,2025-03-06,1.0,0.959,"VA-West, VA-South",4.0,1814,1740,Premium Below Market Avg,Mid-Tier,Actuarial Department,Approved,2025-03-03
Mariner General,40878,WA,2025-02-19,Workers Comp,Rate Decrease,-2.1,2025-05-13,1.0,0.979,"WA-North, WA-South",3.2,1171,1146,Premium Below Market Avg,Mid-Tier,Actuarial Department,Approved,2025-04-25
Northeast Fidelity,85785,CA,2024-08-31,Commercial Auto,Rate Increase,10.9,2024-11-27,1.0,1.109,"CA-West, CA-South",1.8,2273,2521,Premium Above Market Avg,Budget,Actuarial Department,Approved,2024-11-14
Northeast Fidelity,85785,FL,2024-05-24,Commercial Auto,New Filing,0.0,2024-08-19,1.0,1.0,"FL-Central, FL-East",4.3,1763,1763,At Market Avg,Mid-Tier,Actuarial Department,Pending,
Northeast Fidelity,85785,MA,2024-06-07,Commercial Auto,Rate Increase,1.4,2024-08-26,1.0,1.014,"MA-South, MA-West",3.7,1340,1359,At Market Avg,Mid-Tier,Actuarial Department,Rejected,
Northeast Fidelity,85785,MD,2025-09-02,Commercial Auto,New Filing,0.0,2025-11-19,1.0,1.0,"MD-South, MD-North, MD-East",5.5,1449,1449,At Market Avg,Mid-Tier,Actuarial Department,Approved,2025-11-02
Northeast Fidelity,85785,NC,2025-01-09,Commercial Auto,Rate Decrease,-7.2,2025-04-28,1.0,0.928,"NC-South, NC-North",8.9,2303,2137,Premium Below Market Avg,Budget,Actuarial Department,Approved,2025-03-17
Northeast Fidelity,85785,NJ,2024-11-11,Commercial Auto,New Filing,0.0,2025-02-11,1.0,1.0,"NJ-North, NJ-South",1.0,2111,2111,At Market Avg,Mid-Tier,Actuarial Department,Approved,2025-01-23
Northeast Fidelity,85785,NY,2025-10-26,Commercial Auto,Rate Increase,7.5,2026-02-12,1.0,1.075,"NY-Central, NY-South",1.1,2045,2198,Premium Above Market Avg,Mid-Tier,Actuarial Department,Pending,
Northeast Fidelity,85785,OR,2024-06-06,Commercial Auto,Rate Increase,2.4,2024-08-20,1.0,1.024,"OR-Central, OR-East",6.9,1864,1909,At Market Avg,Mid-Tier,Actuarial Department,Pending,
Northeast Fidelity,85785,VA,2025-09-13,Commercial Auto,Rate Decrease,-6.7,2025-11-03,1.0,0.933,"VA-Central, VA-South, VA-West",4.2,1248,1164,Premium Below Market Avg,Mid-Tier,Actuarial Department,Approved,2025-10-05
Northeast Fidelity,85785,WA,2025-10-13,Commercial Auto,Rate Increase,9.3,2025-12-09,1.0,1.093,"WA-East, WA-Central",5.4,1689,1846,Premium Above Market Avg,Premium,Actuarial Department,Rejected,
Northeast Fidelity,85785,CA,2025-05-27,Homeowners,New Filing,0.0,2025-09-15,1.0,1.0,"CA-South, CA-West, CA-East",11.2,1572,1572,At Market Avg,Premium,Actuarial Department,Approved,2025-07-13
Northeast Fidelity,85785,FL,2025-01-26,Homeowners,Rate Increase,11.4,2025-03-24,1.0,1.114,"FL-North, FL-Central",2.9,2332,2598,Premium Above Market Avg,Budget,Actuarial Department,Approved,2025-03-10
Northeast Fidelity,85785,MA,2024-08-12,Homeowners,Rate Increase,2.1,2024-10-16,1.0,1.021,"MA-West, MA-South",1.2,1231,1257,At Market Avg,Budget,Actuarial Department,Approved,2024-10-06
Northeast Fidelity,85785,MD,2025-03-27,Homeowners,Rate Increase,2.5,2025-07-12,1.0,1.025,"MD-North, MD-South",2.2,2974,3048,At Market Avg,Premium,Actuarial Department,Approved,2025-05-15
Northeast Fidelity,85785,NC,2025-05-21,Homeowners,Rate Increase,1.9,2025-06-24,1.0,1.019,"NC-South, NC-North, NC-West",2.5,1261,1285,At Market Avg,Mid-Tier,Actuarial Department,Rejected,
Northeast Fidelity,85785,NJ,2024-08-17,Homeowners,Rate Decrease,-2.8,2024-10-27,1.0,0.972,"NJ-North, NJ-South",7.2,2072,2014,Premium Below Market Avg,Mid-Tier,Actuarial Department,Approved,2024-10-19
Northeast Fidelity,85785,NY,2025-01-05,Homeowners,Rate Increase,1.1,2025-04-01,1.0,1.011,"NY-West, NY-North",6.4,1426,1442,At Market Avg,Premium,Actuarial Department,Rejected,
Northeast Fidelity,85785,OR,2024-05-27,Homeowners,Rate Decrease,-4.7,2024-09-09,1.0,0.953,"OR-South, OR-West, OR-East",10.4,2802,2670,Premium Below Market Avg,Premium,Actuarial Department,Approved,2024-07-06
Northeast Fidelity,85785,VA,2025-07-14,Homeowners,Rate Increase,8.2,2025-09-12,1.0,1.082,"VA-South, VA-North",0.5,1518,1642,Premium Above Market Avg,Mid-Tier,Actuarial Department,Approved,2025-08-04
Northeast Fidelity,85785,WA,2025-11-13,Homeowners,Rate Increase,1.4,2026-02-07,1.0,1.014,"WA-North, WA-East, WA-South",3.5,2612,2649,At Market Avg,Mid-Tier,Actuarial Department,Approved,2026-01-22
Northeast Fidelity,85785,CA,2025-08-29,Personal Auto,Rate Decrease,-3.2,2025-10-05,1.0,0.968,"CA-Central, CA-East, CA-West",8.5,816,790,Premium Below Market Avg,Mid-Tier,Actuarial Department,Approved,2025-10-27
Northeast Fidelity,85785,FL,2025-06-12,Personal Auto,Rate Increase,8.9,2025-10-02,1.0,1.089,"FL-Central, FL-West, FL-East",6.9,1464,1594,Premium Above Market Avg,Mid-Tier,Actuarial Department,Approved,2025-07-31
Northeast Fidelity,85785,MA,2024-05-13,Personal Auto,Rate Increase,7.9,2024-06-27,1.0,1.079,"MA-East, MA-South, MA-West",1.5,1194,1288,Premium Above Market Avg,Budget,Actuarial Department,Approved,2024-06-21
Northeast Fidelity,85785,MD,2024-07-04,Personal Auto,Rate Decrease,-4.2,2024-08-28,1.0,0.958,"MD-West, MD-North",4.4,1157,1108,Premium Below Market Avg,Premium,Actuarial Department,Approved,2024-08-16
Northeast Fidelity,85785,NC,2024-12-07,Personal Auto,Rate Decrease,-3.9,2025-01-08,1.0,0.961,"NC-North, NC-East",4.5,1570,1509,Premium Below Market Avg,Premium,Actuarial Department,Approved,2024-12-24
Northeast Fidelity,85785,NJ,2024-09-01,Personal Auto,Rate Decrease,-5.3,2024-12-21,1.0,0.947,"NJ-East, NJ-South",9.4,1440,1364,Premium Below Market Avg,Premium,Actuarial Department,Approved,2024-11-23
Northeast Fidelity,85785,NY,2025-04-11,Personal Auto,Rate Increase,1.2,2025-07-23,1.0,1.012,"NY-North, NY-East",1.3,1432,1449,At Market Avg,Mid-Tier,Actuarial Department,Approved,2025-07-21
Northeast Fidelity,85785,OR,2025-05-23,Personal Auto,Rate Decrease,-1.9,2025-08-25,1.0,0.981,"OR-East, OR-North",4.0,870,853,At Market Avg,Premium,Actuarial Department,Pending,
Northeast Fidelity,85785,VA,2024-12-29,Personal Auto,Rate Increase,11.7,2025-04-06,1.0,1.117,"VA-Central, VA-East",2.2,814,909,Premium Above Market Avg,Premium,Actuarial Department,Approved,2025-01-31
Northeast Fidelity,85785,WA,2025-10-16,Personal Auto,New Filing,0.0,2025-12-05,1.0,1.0,"WA-Central, WA-South",7.2,1412,1412,At Market Avg,Budget,Actuarial Department,Approved,2025-11-29
Northeast Fidelity,85785,CA,2025-09-20,Workers Comp,Rate Increase,10.6,2025-10-31,1.0,1.106,"CA-West, CA-Central",11.3,1151,1273,Premium Above Market Avg,Mid-Tier,Actuarial Department,Rejected,
Northeast Fidelity,85785,FL,2024-07-03,Workers Comp,Rate Increase,9.3,2024-10-12,1.0,1.093,"FL-North, FL-South",5.3,2412,2636,Premium Above Market Avg,Budget,Actuarial Department,Approved,2024-10-01
Northeast Fidelity,85785,MA,2025-10-04,Workers Comp,Rate Increase,8.0,2026-01-27,1.0,1.08,"MA-South, MA-North",4.1,1848,1996,Premium Above Market Avg,Budget,Actuarial Department,Approved,2026-01-13
Northeast Fidelity,85785,MD,2025-07-02,Workers Comp,Rate Increase,3.1,2025-08-23,1.0,1.031,"MD-South, MD-West",4.2,1930,1990,Premium Above Market Avg,Premium,Actuarial Department,Pending,
Northeast Fidelity,85785,NC,2025-10-07,Workers Comp,Rate Increase,11.3,2025-12-29,1.0,1.113,"NC-North, NC-East",9.8,2893,3220,Premium Above Market Avg,Mid-Tier,Actuarial Department,Approved,2025-11-30
Northeast Fidelity,85785,NJ,2024-05-02,Workers Comp,Rate Increase,7.0,2024-07-10,1.0,1.07,"NJ-West, NJ-Central",4.7,1479,1583,Premium Above Market Avg,Mid-Tier,Actuarial Department,Approved,2024-06-20
Northeast Fidelity,85785,NY,2024-08-06,Workers Comp,Rate Increase,7.2,2024-11-13,1.0,1.072,"NY-South, NY-East, NY-North",2.5,1297,1390,Premium Above Market Avg,Mid-Tier,Actuarial Department,Approved,2024-10-03
Northeast Fidelity,85785,OR,2025-07-11,Workers Comp,Rate Increase,11.4,2025-11-08,1.0,1.114,"OR-North, OR-South",9.3,2430,2707,Premium Above Market Avg,Mid-Tier,Actuarial Department,Approved,2025-10-18
Northeast Fidelity,85785,VA,2025-07-02,Workers Comp,Rate Decrease,-4.6,2025-10-26,1.0,0.954,"VA-Central, VA-West",4.0,2241,2138,Premium Below Market Avg,Mid-Tier,Actuarial Department,Approved,2025-10-19
Northeast Fidelity,85785,WA,2025-09-11,Workers Comp,New Filing,0.0,2025-10-18,1.0,1.0,"WA-North, WA-East, WA-South",1.0,2118,2118,At Market Avg,Mid-Tier,Actuarial Department,Approved,2025-10-11
Pacific Crest Underwriters,85847,CA,2025-06-11,Commercial Auto,Rate Decrease,-2.4,2025-07-20,1.0,0.976,"CA-West, CA-North, CA-Central",5.3,1307,1276,Premium Below Market Avg,Mid-Tier,Actuarial Department,Approved,2025-07-25
Pacific Crest Underwriters,85847,FL,2024-08-04,Commercial Auto,Rate Decrease,-3.1,2024-11-13,1.0,0.969,"FL-West, FL-Central",4.6,1712,1659,Premium Below Market Avg,Mid-Tier,Actuarial Department,Approved,2024-10-09
Pacific Crest Underwriters,85847,MA,2024-09-30,Commercial Auto,Rate Decrease,-6.5,2025-01-25,1.0,0.935,"MA-South, MA-West",8.6,2248,2102,Premium Below Market Avg,Budget,Actuarial Department,Approved,2024-11-07
Pacific Crest Underwriters,85847,MD,2025-08-08,Commercial Auto,Rate Increase,9.4,2025-10-18,1.0,1.094,"MD-North, MD-South",7.9,1461,1598,Premium Above Market Avg,Premium,Actuarial Department,Pending,
Pacific Crest Underwriters,85847,NC,2025-02-05,Commercial Auto,Rate Increase,7.2,2025-04-01,1.0,1.072,"NC-North, NC-West",5.7,1094,1173,Premium Above Market Avg,Premium,Actuarial Department,Pending,
Pacific Crest Underwriters,85847,NJ,2024-08-15,Commercial Auto,Rate Increase,6.4,2024-11-21,1.0,1.064,"NJ-North, NJ-East",6.7,1245,1325,Premium Above Market Avg,Budget,Actuarial Department,Pending,
Pacific Crest Underwriters,85847,NY,2025-09-28,Commercial Auto,Rate Decrease,-5.2,2025-12-14,1.0,0.948,"NY-West, NY-South",1.6,1085,1029,Premium Below Market Avg,Mid-Tier,Actuarial Department,Approved,2025-11-24
Pacific Crest Underwriters,85847,OR,2025-05-24,Commercial Auto,Rate Increase,6.7,2025-09-12,1.0,1.067,"OR-North, OR-South, OR-West",4.8,2385,2545,Premium Above Market Avg,Budget,Actuarial Department,Approved,2025-08-29
Pacific Crest Underwriters,85847,VA,2025-07-13,Commercial Auto,Rate Decrease,-6.9,2025-08-30,1.0,0.931,"VA-East, VA-Central",1.4,1624,1512,Premium Below Market Avg,Budget,Actuarial Department,Approved,2025-08-12
Pacific Crest Underwriters,85847,WA,2025-07-06,Commercial Auto,New Filing,0.0,2025-08-29,1.0,1.0,"WA-South, WA-North",7.7,1805,1805,At Market Avg,Mid-Tier,Actuarial Department,Approved,2025-08-18
Pacific Crest Underwriters,85847,CA,2024-10-03,Homeowners,Rate Increase,8.4,2025-01-20,1.0,1.084,"CA-Central, CA-South",4.7,2799,3034,Premium Above Market Avg,Mid-Tier,Actuarial Department,Approved,2025-01-12
Pacific Crest Underwriters,85847,FL,2025-05-22,Homeowners,Rate Increase,11.5,2025-08-26,1.0,1.115,"FL-West, FL-South",6.0,1327,1480,Premium Above Market Avg,Budget,Actuarial Department,Approved,2025-07-03
Pacific Crest Underwriters,85847,MA,2024-10-22,Homeowners,Rate Decrease,-6.8,2025-01-27,1.0,0.932,"MA-East, MA-Central, MA-North",2.6,2466,2298,Premium Below Market Avg,Premium,Actuarial Department,Rejected,
Pacific Crest Underwriters,85847,MD,2024-12-13,Homeowners,New Filing,0.0,2025-03-29,1.0,1.0,"MD-South, MD-Central",2.0,1494,1494,At Market Avg,Mid-Tier,Actuarial Department,Pending,
Pacific Crest Underwriters,85847,NC,2024-09-12,Homeowners,Rate Decrease,-2.3,2024-10-25,1.0,0.977,"NC-Central, NC-East",1.3,1692,1653,Premium Below Market Avg,Mid-Tier,Actuarial Department,Approved,2024-10-23
Pacific Crest Underwriters,85847,NJ,2024-08-12,Homeowners,Rate Increase,10.2,2024-12-05,1.0,1.102,"NJ-Central, NJ-West",17.1,3157,3479,Premium Above Market Avg,Mid-Tier,Actuarial Department,Pending,
Pacific Crest Underwriters,85847,NY,2025-08-15,Homeowners,Rate Increase,11.6,2025-12-02,1.0,1.116,"NY-South, NY-Central, NY-East",3.4,1578,1761,Premium Above Market Avg,Mid-Tier,Actuarial Department,Approved,2025-10-05
Pacific Crest Underwriters,85847,OR,2024-12-05,Homeowners,Rate Increase,10.8,2025-02-07,1.0,1.108,"OR-South, OR-East",3.5,2863,3172,Premium Above Market Avg,Mid-Tier,Actuarial Department,Approved,2025-01-16
Pacific Crest Underwriters,85847,VA,2024-09-05,Homeowners,Rate Increase,11.5,2024-12-23,1.0,1.115,"VA-North, VA-Central, VA-West",8.2,1253,1397,Premium Above Market Avg,Mid-Tier,Actuarial Department,Pending,
Pacific Crest Underwriters,85847,WA,2024-08-16,Homeowners,Rate Increase,6.5,2024-11-09,1.0,1.065,"WA-Central, WA-East",6.8,3377,3597,Premium Above Market Avg,Mid-Tier,Actuarial Department,Pending,
Pacific Crest Underwriters,85847,CA,2024-06-09,Personal Auto,Rate Increase,1.8,2024-09-05,1.0,1.018,"CA-North, CA-East, CA-West",2.1,894,910,At Market Avg,Mid-Tier,Actuarial Department,Approved,2024-07-09
Pacific Crest Underwriters,85847,FL,2025-12-10,Personal Auto,Rate Increase,5.5,2026-02-24,1.0,1.055,"FL-West, FL-North",5.5,991,1046,Premium Above Market Avg,Mid-Tier,Actuarial Department,Approved,2026-02-05
Pacific Crest Underwriters,85847,MA,2024-12-15,Personal Auto,Rate Decrease,-2.4,2025-03-25,1.0,0.976,"MA-Central, MA-East",7.0,1539,1502,Premium Below Market Avg,Budget,Actuarial Department,Pending,
Pacific Crest Underwriters,85847,MD,2025-02-09,Personal Auto,Rate Decrease,-4.6,2025-05-11,1.0,0.954,"MD-West, MD-North, MD-East",7.1,950,906,Premium Below Market Avg,Budget,Actuarial Department,Withdrawn,
Pacific Crest Underwriters,85847,NC,2025-10-08,Personal Auto,Rate Increase,5.0,2026-01-11,1.0,1.05,"NC-West, NC-North",3.5,1299,1364,Premium Above Market Avg,Premium,Actuarial Department,Approved,2025-12-13
Pacific Crest Underwriters,85847,NJ,2025-07-24,Personal Auto,New Filing,0.0,2025-10-26,1.0,1.0,"NJ-East, NJ-North",8.0,821,821,At Market Avg,Mid-Tier,Actuarial Department,Approved,2025-10-15
Pacific Crest Underwriters,85847,NY,2025-12-14,Personal Auto,Rate Decrease,-3.8,2026-04-08,1.0,0.962,"NY-West, NY-South",2.8,1162,1118,Premium Below Market Avg,Budget,Actuarial Department,Approved,2026-02-22
Pacific Crest Underwriters,85847,OR,2025-03-31,Personal Auto,Rate Increase,11.2,2025-05-02,1.0,1.112,"OR-West, OR-East, OR-South",3.4,839,933,Premium Above Market Avg,Budget,Actuarial Department,Pending,
Pacific Crest Underwriters,85847,VA,2025-05-14,Personal Auto,Rate Increase,8.6,2025-08-14,1.0,1.086,"VA-North, VA-Central",9.3,1241,1348,Premium Above Market Avg,Premium,Actuarial Department,Approved,2025-07-05
Pacific Crest Underwriters,85847,WA,2025-03-21,Personal Auto,Rate Increase,6.9,2025-07-16,1.0,1.069,"WA-East, WA-West, WA-North",4.6,1272,1360,Premium Above Market Avg,Mid-Tier,Actuarial Department,Approved,2025-06-09
Pacific Crest Underwriters,85847,CA,2025-01-03,Workers Comp,Rate Decrease,-6.5,2025-04-07,1.0,0.935,"CA-South, CA-North, CA-West",11.8,2054,1920,Premium Below Market Avg,Premium,Actuarial Department,Rejected,
Pacific Crest Underwriters,85847,FL,2024-10-26,Workers Comp,Rate Increase,11.0,2025-01-18,1.0,1.11,"FL-North, FL-South",6.7,1945,2159,Premium Above Market Avg,Mid-Tier,Actuarial Department,Pending,
Pacific Crest Underwriters,85847,MA,2025-06-21,Workers Comp,Rate Decrease,-7.0,2025-09-29,1.0,0.93,"MA-South, MA-West",5.9,1038,965,Premium Below Market Avg,Mid-Tier,Actuarial Department,Approved,2025-09-21
Pacific Crest Underwriters,85847,MD,2024-11-24,Workers Comp,Rate Decrease,-7.3,2025-03-21,1.0,0.927,"MD-South, MD-North",10.2,1033,958,Premium Below Market Avg,Budget,Actuarial Department,Pending,
Pacific Crest Underwriters,85847,NC,2025-07-07,Workers Comp,Rate Increase,6.8,2025-10-09,1.0,1.068,"NC-Central, NC-North",2.5,2559,2733,Premium Above Market Avg,Budget,Actuarial Department,Approved,2025-09-15
Pacific Crest Underwriters,85847,NJ,2025-06-25,Workers Comp,Rate Decrease,-5.6,2025-09-18,1.0,0.944,"NJ-South, NJ-East",0.4,1461,1379,Premium Below Market Avg,Budget,Actuarial Department,Approved,2025-08-21
Pacific Crest Underwriters,85847,NY,2024-08-08,Workers Comp,Rate Increase,3.4,2024-10-19,1.0,1.034,"NY-West, NY-North",2.7,2638,2728,Premium Above Market Avg,Mid-Tier,Actuarial Department,Approved,2024-10-03
Pacific Crest Underwriters,85847,OR,2025-11-20,Workers Comp,Rate Increase,7.0,2026-02-23,1.0,1.07,"OR-South, OR-North, OR-Central",3.6,2882,3084,Premium Above Market Avg,Budget,Actuarial Department,Approved,2026-01-17
Pacific Crest Underwriters,85847,VA,2025-10-22,Workers Comp,Rate Decrease,-6.5,2025-12-25,1.0,0.935,"VA-South, VA-East, VA-North",5.6,1539,1439,Premium Below Market Avg,Budget,Actuarial Department,Approved,2025-12-21
Pacific Crest Underwriters,85847,WA,2024-10-04,Workers Comp,New Filing,0.0,2025-01-01,1.0,1.0,"WA-East, WA-West",3.0,2727,2727,At Market Avg,Mid-Tier,Actuarial Department,Approved,2024-12-18
Pioneer Assurance Group,41715,CA,2024-08-07,Commercial Auto,Rate Increase,1.2,2024-11-26,1.0,1.012,"CA-West, CA-East",5.1,2402,2431,At Market Avg,Premium,Actuarial Department,Pending,
Pioneer Assurance Group,41715,FL,2025-04-14,Commercial Auto,Rate Increase,4.7,2025-08-05,1.0,1.047,"FL-Central, FL-East",1.3,1757,1840,Premium Above Market Avg,Premium,Actuarial Department,Pending,
Pioneer Assurance Group,41715,MA,2025-07-26,Commercial Auto,Rate Increase,4.7,2025-10-22,1.0,1.047,"MA-East, MA-Central",7.3,1733,1814,Premium Above Market Avg,Premium,Actuarial Department,Rejected,
Pioneer Assurance Group,41715,MD,2024-09-02,Commercial Auto,Rate Increase,6.7,2024-10-17,1.0,1.067,"MD-South, MD-North",5.9,1524,1626,Premium Above Market Avg,Budget,Actuarial Department,Approved,2024-10-24
Pioneer Assurance Group,41715,NC,2025-01-26,Commercial Auto,Rate Increase,7.5,2025-04-15,1.0,1.075,"NC-South, NC-East",6.0,1015,1091,Premium Above Market Avg,Budget,Actuarial Department,Rejected,
Pioneer Assurance Group,41715,NJ,2024-09-17,Commercial Auto,Rate Decrease,-5.2,2024-12-25,1.0,0.948,"NJ-West, NJ-North",2.7,1024,971,Premium Below Market Avg,Mid-Tier,Actuarial Department,Approved,2024-12-13
Pioneer Assurance Group,41715,NY,2024-09-16,Commercial Auto,Rate Increase,3.9,2024-11-25,1.0,1.039,"NY-North, NY-South",2.8,2130,2213,Premium Above Market Avg,Mid-Tier,Actuarial Department,Pending,
Pioneer Assurance Group,41715,OR,2025-03-21,Commercial Auto,Rate Increase,6.1,2025-04-29,1.0,1.061,"OR-South, OR-Central",11.7,2236,2372,Premium Above Market Avg,Premium,Actuarial Department,Approved,2025-04-30
Pioneer Assurance Group,41715,VA,2024-08-07,Commercial Auto,Rate Increase,4.5,2024-10-05,1.0,1.045,"VA-Central, VA-North",7.7,1566,1636,Premium Above Market Avg,Premium,Actuarial Department,Approved,2024-09-24
Pioneer Assurance Group,41715,WA,2024-08-13,Commercial Auto,Rate Increase,5.2,2024-10-08,1.0,1.052,"WA-Central, WA-North",9.5,2055,2162,Premium Above Market Avg,Premium,Actuarial Department,Approved,2024-10-03
Pioneer Assurance Group,41715,CA,2025-01-25,Homeowners,Rate Increase,5.9,2025-05-11,1.0,1.059,"CA-North, CA-South",8.6,1213,1285,Premium Above Market Avg,Mid-Tier,Actuarial Department,Pending,
Pioneer Assurance Group,41715,FL,2024-09-30,Homeowners,Rate Increase,8.8,2024-12-15,1.0,1.088,"FL-East, FL-West",5.6,2093,2277,Premium Above Market Avg,Mid-Tier,Actuarial Department,Approved,2024-11-27
Pioneer Assurance Group,41715,MA,2025-03-23,Homeowners,Rate Decrease,-3.1,2025-05-14,1.0,0.969,"MA-South, MA-East, MA-Central",1.4,2092,2027,Premium Below Market Avg,Mid-Tier,Actuarial Department,Approved,2025-05-10
Pioneer Assurance Group,41715,MD,2025-11-10,Homeowners,Rate Decrease,-1.3,2026-02-13,1.0,0.987,"MD-South, MD-Central",7.0,3032,2993,At Market Avg,Mid-Tier,Actuarial Department,Pending,
Pioneer Assurance Group,41715,NC,2025-03-08,Homeowners,Rate Increase,3.6,2025-05-30,1.0,1.036,"NC-East, NC-West, NC-North",3.1,1548,1604,Premium Above Market Avg,Premium,Actuarial Department,Pending,
Pioneer Assurance Group,41715,NJ,2024-06-21,Homeowners,Rate Increase,4.8,2024-10-04,1.0,1.048,"NJ-East, NJ-Central",7.7,1187,1244,Premium Above Market Avg,Premium,Actuarial Department,Approved,2024-08-23
Pioneer Assurance Group,41715,NY,2025-06-01,Homeowners,New Filing,0.0,2025-07-09,1.0,1.0,"NY-North, NY-Central, NY-East",4.2,1782,1782,At Market Avg,Mid-Tier,Actuarial Department,Approved,2025-07-24
Pioneer Assurance Group,41715,OR,2025-06-01,Homeowners,New Filing,0.0,2025-09-01,1.0,1.0,"OR-Central, OR-South",1.8,2851,2851,At Market Avg,Budget,Actuarial Department,Approved,2025-07-12
Pioneer Assurance Group,41715,VA,2025-05-19,Homeowners,Rate Increase,6.1,2025-06-26,1.0,1.061,"VA-South, VA-West",6.1,2349,2492,Premium Above Market Avg,Mid-Tier,Actuarial Department,Pending,
Pioneer Assurance Group,41715,WA,2024-09-24,Homeowners,Rate Increase,4.7,2025-01-03,1.0,1.047,"WA-East, WA-North",4.2,2309,2418,Premium Above Market Avg,Budget,Actuarial Department,Approved,2024-12-06
Pioneer Assurance Group,41715,CA,2025-04-06,Personal Auto,Rate Decrease,-3.3,2025-06-06,1.0,0.967,"CA-North, CA-South",5.4,830,803,Premium Below Market Avg,Premium,Actuarial Department,Approved,2025-05-13
Pioneer Assurance Group,41715,FL,2024-05-12,Personal Auto,Rate Increase,4.4,2024-08-31,1.0,1.044,"FL-South, FL-East",4.2,823,859,Premium Above Market Avg,Budget,Actuarial Department,Pending,
Pioneer Assurance Group,41715,MA,2025-02-14,Personal Auto,Rate Decrease,-2.5,2025-05-21,1.0,0.975,"MA-South, MA-Central",2.8,891,869,Premium Below Market Avg,Premium,Actuarial Department,Approved,2025-04-09
Pioneer Assurance Group,41715,MD,2025-07-04,Personal Auto,Rate Increase,6.3,2025-08-18,1.0,1.063,"MD-South, MD-West",5.1,1411,1500,Premium Above Market Avg,Budget,Actuarial Department,Rejected,
Pioneer Assurance Group,41715,NC,2025-04-25,Personal Auto,Rate Decrease,-5.7,2025-06-06,1.0,0.943,"NC-West, NC-Central, NC-East",2.9,1513,1427,Premium Below Market Avg,Mid-Tier,Actuarial Department,Approved,2025-06-05
Pioneer Assurance Group,41715,NJ,2025-07-05,Personal Auto,Rate Decrease,-2.7,2025-10-27,1.0,0.973,"NJ-East, NJ-North, NJ-Central",1.6,1492,1452,Premium Below Market Avg,Mid-Tier,Actuarial Department,Approved,2025-10-06
Pioneer Assurance Group,41715,NY,2025-12-06,Personal Auto,Rate Increase,3.7,2026-01-17,1.0,1.037,"NY-Central, NY-East, NY-North",2.8,1165,1208,Premium Above Market Avg,Mid-Tier,Actuarial Department,Approved,2025-12-30
Pioneer Assurance Group,41715,OR,2025-11-19,Personal Auto,Rate Increase,6.3,2026-01-12,1.0,1.063,"OR-West, OR-South, OR-East",5.8,1406,1495,Premium Above Market Avg,Premium,Actuarial Department,Pending,
Pioneer Assurance Group,41715,VA,2025-01-21,Personal Auto,New Filing,0.0,2025-05-13,1.0,1.0,"VA-North, VA-East",3.8,1436,1436,At Market Avg,Mid-Tier,Actuarial Department,Approved,2025-05-02
Pioneer Assurance Group,41715,WA,2025-02-15,Personal Auto,Rate Decrease,-6.5,2025-04-12,1.0,0.935,"WA-Central, WA-East",5.7,1574,1472,Premium Below Market Avg,Mid-Tier,Actuarial Department,Pending,
Pioneer Assurance Group,41715,CA,2024-06-10,Workers Comp,Rate Increase,7.2,2024-08-11,1.0,1.072,"CA-West, CA-South",7.0,2290,2455,Premium Above Market Avg,Mid-Tier,Actuarial Department,Pending,
Pioneer Assurance Group,41715,FL,2025-04-16,Workers Comp,Rate Increase,4.1,2025-08-14,1.0,1.041,"FL-West, FL-South",3.4,2060,2144,Premium Above Market Avg,Budget,Actuarial Department,Approved,2025-07-02
Pioneer Assurance Group,41715,MA,2024-09-13,Workers Comp,Rate Decrease,-3.3,2024-10-13,1.0,0.967,"MA-North, MA-East",0.9,2984,2886,Premium Below Market Avg,Mid-Tier,Actuarial Department,Approved,2024-10-07
Pioneer Assurance Group,41715,MD,2025-06-16,Workers Comp,Rate Increase,10.1,2025-09-10,1.0,1.101,"MD-East, MD-Central",13.5,1233,1358,Premium Above Market Avg,Mid-Tier,Actuarial Department,Approved,2025-09-07
Pioneer Assurance Group,41715,NC,2024-09-17,Workers Comp,Rate Increase,4.0,2024-11-02,1.0,1.04,"NC-South, NC-North",9.6,1828,1901,Premium Above Market Avg,Premium,Actuarial Department,Approved,2024-10-21
Pioneer Assurance Group,41715,NJ,2025-05-04,Workers Comp,Rate Decrease,-1.8,2025-08-29,1.0,0.982,"NJ-South, NJ-West, NJ-Central",2.6,2289,2248,At Market Avg,Budget,Actuarial Department,Approved,2025-07-14
Pioneer Assurance Group,41715,NY,2024-10-02,Workers Comp,Rate Decrease,-7.6,2024-12-23,1.0,0.924,"NY-North, NY-East",2.6,1732,1600,Premium Below Market Avg,Mid-Tier,Actuarial Department,Approved,2024-12-05
Pioneer Assurance Group,41715,OR,2025-08-24,Workers Comp,Rate Increase,8.8,2025-10-19,1.0,1.088,"OR-East, OR-Central",13.4,2383,2593,Premium Above Market Avg,Budget,Actuarial Department,Approved,2025-10-18
Pioneer Assurance Group,41715,VA,2025-06-20,Workers Comp,Rate Increase,9.0,2025-10-12,1.0,1.09,"VA-East, VA-Central",4.5,2169,2364,Premium Above Market Avg,Budget,Actuarial Department,Approved,2025-07-31
Pioneer Assurance Group,41715,WA,2025-01-25,Workers Comp,Rate Decrease,-5.8,2025-04-18,1.0,0.942,"WA-East, WA-West",10.4,1501,1414,Premium Below Market Avg,Mid-Tier,Actuarial Department,Approved,2025-04-05
Seaboard Indemnity Co.,70049,CA,2024-06-11,Commercial Auto,Rate Increase,9.1,2024-09-28,1.0,1.091,"CA-West, CA-North",3.5,1547,1688,Premium Above Market Avg,Mid-Tier,Actuarial Department,Approved,2024-07-28
Seaboard Indemnity Co.,70049,FL,2024-11-27,Commercial Auto,Rate Increase,7.6,2025-03-26,1.0,1.076,"FL-Central, FL-South",2.6,1209,1301,Premium Above Market Avg,Budget,Actuarial Department,Approved,2025-02-27
Seaboard Indemnity Co.,70049,MA,2024-07-02,Commercial Auto,Rate Increase,5.6,2024-09-20,1.0,1.056,"MA-West, MA-Central",8.1,1210,1278,Premium Above Market Avg,Budget,Actuarial Department,Approved,2024-09-18
Seaboard Indemnity Co.,70049,MD,2025-08-05,Commercial Auto,Rate Increase,4.1,2025-11-03,1.0,1.041,"MD-South, MD-West, MD-North",6.6,2234,2326,Premium Above Market Avg,Budget,Actuarial Department,Pending,
Seaboard Indemnity Co.,70049,NC,2024-08-25,Commercial Auto,Rate Increase,7.6,2024-10-22,1.0,1.076,"NC-West, NC-Central, NC-North",6.6,2362,2542,Premium Above Market Avg,Mid-Tier,Actuarial Department,Approved,2024-09-27
Seaboard Indemnity Co.,70049,NJ,2024-06-19,Commercial Auto,Rate Decrease,-5.9,2024-08-20,1.0,0.941,"NJ-South, NJ-West, NJ-Central",1.0,1121,1055,Premium Below Market Avg,Mid-Tier,Actuarial Department,Approved,2024-08-11
Seaboard Indemnity Co.,70049,NY,2024-12-29,Commercial Auto,New Filing,0.0,2025-04-04,1.0,1.0,"NY-East, NY-Central, NY-South",6.9,2287,2287,At Market Avg,Premium,Actuarial Department,Approved,2025-02-13
Seaboard Indemnity Co.,70049,OR,2024-08-24,Commercial Auto,Rate Increase,7.1,2024-10-18,1.0,1.071,"OR-South, OR-West",1.3,1356,1452,Premium Above Market Avg,Budget,Actuarial Department,Pending,
Seaboard Indemnity Co.,70049,VA,2024-08-18,Commercial Auto,Rate Decrease,-5.6,2024-10-02,1.0,0.944,"VA-East, VA-North, VA-Central",2.4,1515,1430,Premium Below Market Avg,Premium,Actuarial Department,Approved,2024-09-29
Seaboard Indemnity Co.,70049,WA,2024-10-09,Commercial Auto,Rate Increase,10.1,2024-11-16,1.0,1.101,"WA-West, WA-East",11.8,1866,2054,Premium Above Market Avg,Budget,Actuarial Department,Approved,2024-11-23
Seaboard Indemnity Co.,70049,CA,2025-01-14,Homeowners,Rate Increase,3.8,2025-03-11,1.0,1.038,"CA-South, CA-North",5.8,1921,1994,Premium Above Market Avg,Premium,Actuarial Department,Approved,2025-02-15
Seaboard Indemnity Co.,70049,FL,2024-05-14,Homeowners,New Filing,0.0,2024-08-07,1.0,1.0,"FL-North, FL-South",1.8,2712,2712,At Market Avg,Mid-Tier,Actuarial Department,Approved,2024-06-27
Seaboard Indemnity Co.,70049,MA,2025-01-23,Homeowners,Rate Increase,5.2,2025-05-12,1.0,1.052,"MA-West, MA-Central, MA-East",4.5,1382,1454,Premium Above Market Avg,Premium,Actuarial Department,Approved,2025-02-28
Seaboard Indemnity Co.,70049,MD,2025-09-13,Homeowners,Rate Increase,8.3,2026-01-02,1.0,1.083,"MD-East, MD-West, MD-Central",6.0,1607,1740,Premium Above Market Avg,Mid-Tier,Actuarial Department,Approved,2025-11-17
Seaboard Indemnity Co.,70049,NC,2025-10-27,Homeowners,Rate Increase,1.4,2025-12-24,1.0,1.014,"NC-Central, NC-East",2.1,1933,1960,At Market Avg,Mid-Tier,Actuarial Department,Approved,2025-12-01
Seaboard Indemnity Co.,70049,NJ,2024-05-24,Homeowners,Rate Decrease,-4.4,2024-07-09,1.0,0.956,"NJ-West, NJ-East",3.9,1157,1106,Premium Below Market Avg,Mid-Tier,Actuarial Department,Approved,2024-07-08
Seaboard Indemnity Co.,70049,NY,2024-12-10,Homeowners,Rate Increase,8.6,2025-04-05,1.0,1.086,"NY-East, NY-South",1.0,2819,3061,Premium Above Market Avg,Mid-Tier,Actuarial Department,Approved,2025-03-22
Seaboard Indemnity Co.,70049,OR,2025-09-18,Homeowners,Rate Decrease,-4.5,2025-12-29,1.0,0.955,"OR-West, OR-Central",4.6,1873,1789,Premium Below Market Avg,Premium,Actuarial Department,Withdrawn,
Seaboard Indemnity Co.,70049,VA,2025-06-19,Homeowners,Rate Increase,9.2,2025-08-16,1.0,1.092,"VA-Central, VA-West",3.6,2943,3214,Premium Above Market Avg,Mid-Tier,Actuarial Department,Approved,2025-08-12
Seaboard Indemnity Co.,70049,WA,2025-07-18,Homeowners,Rate Increase,9.1,2025-09-04,1.0,1.091,"WA-Central, WA-East, WA-North",10.1,1181,1288,Premium Above Market Avg,Mid-Tier,Actuarial Department,Approved,2025-09-04
Seaboard Indemnity Co.,70049,CA,2025-03-30,Personal Auto,Rate Increase,9.4,2025-07-20,1.0,1.094,"CA-South, CA-Central",1.7,916,1002,Premium Above Market Avg,Mid-Tier,Actuarial Department,Approved,2025-06-10
Seaboard Indemnity Co.,70049,FL,2025-02-25,Personal Auto,Rate Increase,3.0,2025-04-27,1.0,1.03,"FL-North, FL-South, FL-East",1.1,944,972,At Market Avg,Premium,Actuarial Department,Approved,2025-03-23
Seaboard Indemnity Co.,70049,MA,2025-08-07,Personal Auto,Rate Increase,9.0,2025-11-16,1.0,1.09,"MA-South, MA-West",6.2,1393,1518,Premium Above Market Avg,Mid-Tier,Actuarial Department,Approved,2025-09-05
Seaboard Indemnity Co.,70049,MD,2024-10-06,Personal Auto,Rate Increase,5.7,2024-12-07,1.0,1.057,"MD-East, MD-South",1.9,1586,1676,Premium Above Market Avg,Mid-Tier,Actuarial Department,Pending,
Seaboard Indemnity Co.,70049,NC,2025-09-06,Personal Auto,Rate Increase,8.9,2025-12-06,1.0,1.089,"NC-South, NC-Central",3.9,1150,1252,Premium Above Market Avg,Premium,Actuarial Department,Approved,2025-11-14
Seaboard Indemnity Co.,70049,NJ,2025-06-30,Personal Auto,New Filing,0.0,2025-09-13,1.0,1.0,"NJ-Central, NJ-South",7.4,918,918,At Market Avg,Premium,Actuarial Department,Approved,2025-09-02
Seaboard Indemnity Co.,70049,NY,2024-09-16,Personal Auto,Rate Decrease,-4.2,2024-12-31,1.0,0.958,"NY-East, NY-Central",3.5,1132,1084,Premium Below Market Avg,Mid-Tier,Actuarial Department,Approved,2024-12-14
Seaboard Indemnity Co.,70049,OR,2024-05-26,Personal Auto,Rate Increase,3.8,2024-08-02,1.0,1.038,"OR-East, OR-North, OR-Central",4.0,1544,1603,Premium Above Market Avg,Budget,Actuarial Department,Approved,2024-07-02
Seaboard Indemnity Co.,70049,VA,2025-07-01,Personal Auto,Rate Increase,5.5,2025-08-03,1.0,1.055,"VA-Central, VA-North",16.4,1384,1460,Premium Above Market Avg,Budget,Actuarial Department,Approved,2025-07-25
Seaboard Indemnity Co.,70049,WA,2024-09-16,Personal Auto,Rate Increase,11.0,2024-11-25,1.0,1.11,"WA-West, WA-Central",6.5,985,1093,Premium Above Market Avg,Budget,Actuarial Department,Approved,2024-11-10
Seaboard Indemnity Co.,70049,CA,2025-05-11,Workers Comp,Rate Increase,5.4,2025-07-11,1.0,1.054,"CA-East, CA-North",2.1,1713,1806,Premium Above Market Avg,Mid-Tier,Actuarial Department,Approved,2025-07-06
Seaboard Indemnity Co.,70049,FL,2025-05-25,Workers Comp,Rate Increase,6.6,2025-07-24,1.0,1.066,"FL-Central, FL-North",5.9,1478,1576,Premium Above Market Avg,Budget,Actuarial Department,Pending,
Seaboard Indemnity Co.,70049,MA,2025-10-24,Workers Comp,Rate Decrease,-5.9,2025-12-01,1.0,0.941,"MA-North, MA-Central",2.2,994,935,Premium Below Market Avg,Mid-Tier,Actuarial Department,Approved,2025-11-28
Seaboard Indemnity Co.,70049,MD,2025-02-22,Workers Comp,Rate Decrease,-5.7,2025-04-03,1.0,0.943,"MD-Central, MD-East",8.3,1763,1663,Premium Below Market Avg,Mid-Tier,Actuarial Department,Pending,
Seaboard Indemnity Co.,70049,NC,2025-06-15,Workers Comp,Rate Increase,4.5,2025-10-03,1.0,1.045,"NC-East, NC-West",5.0,2153,2250,Premium Above Market Avg,Mid-Tier,Actuarial Department,Approved,2025-09-27
Seaboard Indemnity Co.,70049,NJ,2024-05-24,Workers Comp,New Filing,0.0,2024-09-09,1.0,1.0,"NJ-East, NJ-South",4.7,2431,2431,At Market Avg,Premium,Actuarial Department,Approved,2024-07-26
Seaboard Indemnity Co.,70049,NY,2025-08-01,Workers Comp,Rate Decrease,-6.5,2025-11-18,1.0,0.935,"NY-West, NY-North",4.0,1884,1762,Premium Below Market Avg,Mid-Tier,Actuarial Department,Approved,2025-10-07
Seaboard Indemnity Co.,70049,OR,2025-10-18,Workers Comp,Rate Increase,10.8,2026-02-15,1.0,1.108,"OR-East, OR-North",7.2,939,1040,Premium Above Market Avg,Mid-Tier,Actuarial Department,Pending,
Seaboard Indemnity Co.,70049,VA,2024-11-08,Workers Comp,Rate Increase,8.6,2024-12-15,1.0,1.086,"VA-West, VA-East",5.7,1380,1499,Premium Above Market Avg,Mid-Tier,Actuarial Department,Approved,2024-12-28
Seaboard Indemnity Co.,70049,WA,2024-11-05,Workers Comp,Rate Increase,3.3,2025-02-10,1.0,1.033,"WA-South, WA-West",6.1,2624,2711,Premium Above Market Avg,Budget,Actuarial Department,Approved,2025-02-01
Summit Peak Casualty,57901,CA,2024-12-22,Commercial Auto,Rate Decrease,-2.5,2025-04-02,1.0,0.975,"CA-South, CA-West",2.0,1268,1236,Premium Below Market Avg,Mid-Tier,Actuarial Department,Pending,
Summit Peak Casualty,57901,FL,2024-06-25,Commercial Auto,Rate Decrease,-6.8,2024-08-04,1.0,0.932,"FL-East, FL-North",6.0,2268,2114,Premium Below Market Avg,Mid-Tier,Actuarial Department,Rejected,
Summit Peak Casualty,57901,MA,2025-07-18,Commercial Auto,Rate Increase,1.5,2025-08-31,1.0,1.015,"MA-East, MA-South",2.8,1080,1096,At Market Avg,Mid-Tier,Actuarial Department,Rejected,
Summit Peak Casualty,57901,MD,2025-03-10,Commercial Auto,Rate Decrease,-3.8,2025-06-17,1.0,0.962,"MD-East, MD-South",4.0,2401,2310,Premium Below Market Avg,Budget,Actuarial Department,Approved,2025-05-13
Summit Peak Casualty,57901,NC,2025-10-05,Commercial Auto,Rate Increase,7.3,2026-01-17,1.0,1.073,"NC-East, NC-South",1.6,1492,1601,Premium Above Market Avg,Mid-Tier,Actuarial Department,Approved,2025-12-29
Summit Peak Casualty,57901,NJ,2025-01-15,Commercial Auto,Rate Decrease,-7.3,2025-03-21,1.0,0.927,"NJ-West, NJ-Central",0.7,1752,1624,Premium Below Market Avg,Premium,Actuarial Department,Approved,2025-03-17
Summit Peak Casualty,57901,NY,2025-03-23,Commercial Auto,Rate Increase,1.5,2025-06-28,1.0,1.015,"NY-East, NY-West, NY-North",0.9,2158,2190,At Market Avg,Budget,Actuarial Department,Approved,2025-04-23
Summit Peak Casualty,57901,OR,2024-06-30,Commercial Auto,Rate Decrease,-2.7,2024-08-14,1.0,0.973,"OR-West, OR-East",10.5,1103,1073,Premium Below Market Avg,Premium,Actuarial Department,Pending,
Summit Peak Casualty,57901,VA,2025-02-26,Commercial Auto,Rate Increase,7.2,2025-04-01,1.0,1.072,"VA-South, VA-North",5.0,2301,2467,Premium Above Market Avg,Mid-Tier,Actuarial Department,Approved,2025-03-22
Summit Peak Casualty,57901,WA,2025-03-09,Commercial Auto,New Filing,0.0,2025-06-16,1.0,1.0,"WA-Central, WA-North",9.6,1069,1069,At Market Avg,Mid-Tier,Actuarial Department,Approved,2025-05-26
Summit Peak Casualty,57901,CA,2025-11-28,Homeowners,Rate Increase,9.6,2026-02-18,1.0,1.096,"CA-Central, CA-East",6.5,2586,2834,Premium Above Market Avg,Mid-Tier,Actuarial Department,Approved,2025-12-31
Summit Peak Casualty,57901,FL,2024-05-03,Homeowners,Rate Increase,2.5,2024-08-28,1.0,1.025,"FL-Central, FL-West",6.0,3347,3431,At Market Avg,Mid-Tier,Actuarial Department,Approved,2024-06-03
Summit Peak Casualty,57901,MA,2025-02-25,Homeowners,Rate Increase,3.3,2025-06-14,1.0,1.033,"MA-East, MA-Central, MA-South",2.6,2694,2783,Premium Above Market Avg,Mid-Tier,Actuarial Department,Approved,2025-05-03
Summit Peak Casualty,57901,MD,2025-01-16,Homeowners,Rate Decrease,-7.9,2025-05-05,1.0,0.921,"MD-South, MD-Central",7.3,2860,2634,Premium Below Market Avg,Premium,Actuarial Department,Approved,2025-03-07
Summit Peak Casualty,57901,NC,2025-01-21,Homeowners,Rate Increase,7.1,2025-04-19,1.0,1.071,"NC-North, NC-East",5.7,2415,2586,Premium Above Market Avg,Mid-Tier,Actuarial Department,Pending,
Summit Peak Casualty,57901,NJ,2025-05-18,Homeowners,Rate Increase,1.1,2025-08-11,1.0,1.011,"NJ-South, NJ-North",7.8,3015,3048,At Market Avg,Premium,Actuarial Department,Rejected,
Summit Peak Casualty,57901,NY,2024-12-25,Homeowners,Rate Increase,12.0,2025-03-12,1.0,1.12,"NY-South, NY-Central",1.0,1868,2092,Premium Above Market Avg,Mid-Tier,Actuarial Department,Approved,2025-02-24
Summit Peak Casualty,57901,OR,2024-12-14,Homeowners,Rate Decrease,-3.4,2025-03-31,1.0,0.966,"OR-East, OR-South",3.9,1642,1586,Premium Below Market Avg,Budget,Actuarial Department,Pending,
Summit Peak Casualty,57901,VA,2025-09-06,Homeowners,Rate Decrease,-4.1,2025-11-16,1.0,0.959,"VA-North, VA-South",1.6,2582,2476,Premium Below Market Avg,Mid-Tier,Actuarial Department,Approved,2025-11-07
Summit Peak Casualty,57901,WA,2024-09-09,Homeowners,Rate Increase,3.6,2024-10-13,1.0,1.036,"WA-South, WA-North",2.5,1750,1813,Premium Above Market Avg,Budget,Actuarial Department,Approved,2024-10-11
Summit Peak Casualty,57901,CA,2025-03-02,Personal Auto,Rate Increase,2.9,2025-06-02,1.0,1.029,"CA-South, CA-East",8.6,1523,1567,At Market Avg,Budget,Actuarial Department,Approved,2025-03-29
Summit Peak Casualty,57901,FL,2024-10-12,Personal Auto,Rate Decrease,-4.2,2025-01-21,1.0,0.958,"FL-East, FL-South",1.5,810,776,Premium Below Market Avg,Premium,Actuarial Department,Approved,2025-01-06
Summit Peak Casualty,57901,MA,2025-06-17,Personal Auto,Rate Decrease,-6.8,2025-08-28,1.0,0.932,"MA-South, MA-West, MA-North",2.4,1222,1139,Premium Below Market Avg,Premium,Actuarial Department,Pending,
Summit Peak Casualty,57901,MD,2025-05-30,Personal Auto,Rate Increase,6.0,2025-09-21,1.0,1.06,"MD-South, MD-West, MD-North",2.9,1351,1432,Premium Above Market Avg,Mid-Tier,Actuarial Department,Approved,2025-08-26
Summit Peak Casualty,57901,NC,2025-10-31,Personal Auto,Rate Increase,6.5,2026-01-07,1.0,1.065,"NC-South, NC-West",6.5,1580,1683,Premium Above Market Avg,Mid-Tier,Actuarial Department,Approved,2025-12-31
Summit Peak Casualty,57901,NJ,2025-01-30,Personal Auto,New Filing,0.0,2025-03-09,1.0,1.0,"NJ-West, NJ-North",6.8,1164,1164,At Market Avg,Budget,Actuarial Department,Approved,2025-03-04
Summit Peak Casualty,57901,NY,2025-08-30,Personal Auto,Rate Increase,5.9,2025-11-11,1.0,1.059,"NY-North, NY-West",2.9,1103,1168,Premium Above Market Avg,Mid-Tier,Actuarial Department,Approved,2025-10-09
Summit Peak Casualty,57901,OR,2024-10-28,Personal Auto,Rate Increase,2.3,2024-12-01,1.0,1.023,"OR-East, OR-Central",2.6,997,1020,At Market Avg,Mid-Tier,Actuarial Department,Approved,2024-12-03
Summit Peak Casualty,57901,VA,2024-11-18,Personal Auto,Rate Increase,3.3,2025-01-11,1.0,1.033,"VA-South, VA-West",3.3,1385,1431,Premium Above Market Avg,Premium,Actuarial Department,Rejected,
Summit Peak Casualty,57901,WA,2025-10-04,Personal Auto,Rate Decrease,-3.7,2025-11-18,1.0,0.963,"WA-East, WA-Central",5.7,812,782,Premium Below Market Avg,Budget,Actuarial Department,Approved,2025-11-13
Summit Peak Casualty,57901,CA,2024-12-13,Workers Comp,Rate Decrease,-5.7,2025-02-02,1.0,0.943,"CA-Central, CA-North",6.0,1386,1307,Premium Below Market Avg,Budget,Actuarial Department,Pending,
Summit Peak Casualty,57901,FL,2025-06-23,Workers Comp,New Filing,0.0,2025-08-18,1.0,1.0,"FL-West, FL-South",4.2,1489,1489,At Market Avg,Premium,Actuarial Department,Approved,2025-08-05
Summit Peak Casualty,57901,MA,2025-05-03,Workers Comp,Rate Increase,11.7,2025-08-21,1.0,1.117,"MA-North, MA-West",7.6,1242,1387,Premium Above Market Avg,Mid-Tier,Actuarial Department,Pending,
Summit Peak Casualty,57901,MD,2025-10-26,Workers Comp,Rate Increase,6.9,2025-12-02,1.0,1.069,"MD-Central, MD-West",6.3,2553,2729,Premium Above Market Avg,Mid-Tier,Actuarial Department,Approved,2025-11-21
Summit Peak Casualty,57901,NC,2025-11-11,Workers Comp,Rate Increase,10.7,2026-01-03,1.0,1.107,"NC-North, NC-Central, NC-West",8.8,1101,1219,Premium Above Market Avg,Premium,Actuarial Department,Approved,2026-01-08
Summit Peak Casualty,57901,NJ,2025-01-27,Workers Comp,Rate Increase,11.9,2025-05-16,1.0,1.119,"NJ-Central, NJ-North",1.3,2563,2868,Premium Above Market Avg,Mid-Tier,Actuarial Department,Approved,2025-04-18
Summit Peak Casualty,57901,NY,2025-01-05,Workers Comp,Rate Increase,5.3,2025-02-07,1.0,1.053,"NY-West, NY-East",1.8,1467,1545,Premium Above Market Avg,Premium,Actuarial Department,Pending,
Summit Peak Casualty,57901,OR,2025-01-06,Workers Comp,Rate Increase,9.9,2025-03-31,1.0,1.099,"OR-Central, OR-South, OR-East",6.5,2805,3083,Premium Above Market Avg,Mid-Tier,Actuarial Department,Approved,2025-02-21
Summit Peak Casualty,57901,VA,2025-09-28,Workers Comp,Rate Increase,5.4,2025-11-22,1.0,1.054,"VA-North, VA-East",3.2,1925,2029,Premium Above Market Avg,Budget,Actuarial Department,Approved,2025-11-19
Summit Peak Casualty,57901,WA,2025-03-05,Workers Comp,New Filing,0.0,2025-06-20,1.0,1.0,"WA-West, WA-North, WA-South",8.2,1482,1482,At Market Avg,Premium,Actuarial Department,Approved,2025-04-23
Vista National Insurance,75937,CA,2025-08-15,Commercial Auto,Rate Increase,5.5,2025-10-18,1.0,1.055,"CA-East, CA-North, CA-Central",6.5,1341,1415,Premium Above Market Avg,Mid-Tier,Actuarial Department,Approved,2025-10-01
Vista National Insurance,75937,FL,2024-04-26,Commercial Auto,Rate Decrease,-2.5,2024-06-05,1.0,0.975,"FL-North, FL-South, FL-West",5.0,1149,1120,Premium Below Market Avg,Premium,Actuarial Department,Approved,2024-05-29
Vista National Insurance,75937,MA,2024-10-29,Commercial Auto,Rate Decrease,-7.5,2025-02-13,1.0,0.925,"MA-Central, MA-North",7.4,1173,1085,Premium Below Market Avg,Mid-Tier,Actuarial Department,Approved,2024-12-21
Vista National Insurance,75937,MD,2024-09-19,Commercial Auto,Rate Increase,1.1,2025-01-03,1.0,1.011,"MD-West, MD-South, MD-East",12.6,1738,1757,At Market Avg,Budget,Actuarial Department,Pending,
Vista National Insurance,75937,NC,2024-09-02,Commercial Auto,Rate Increase,6.7,2024-12-21,1.0,1.067,"NC-Central, NC-North",2.4,2090,2230,Premium Above Market Avg,Mid-Tier,Actuarial Department,Approved,2024-11-26
Vista National Insurance,75937,NJ,2025-04-24,Commercial Auto,Rate Increase,8.3,2025-06-11,1.0,1.083,"NJ-South, NJ-Central, NJ-West",3.3,1252,1356,Premium Above Market Avg,Mid-Tier,Actuarial Department,Pending,
Vista National Insurance,75937,NY,2025-10-01,Commercial Auto,Rate Decrease,-5.7,2025-11-23,1.0,0.943,"NY-Central, NY-West",1.8,2471,2330,Premium Below Market Avg,Mid-Tier,Actuarial Department,Approved,2025-10-30
Vista National Insurance,75937,OR,2025-10-12,Commercial Auto,Rate Increase,3.6,2026-01-10,1.0,1.036,"OR-Central, OR-West",1.4,2433,2521,Premium Above Market Avg,Premium,Actuarial Department,Approved,2025-12-06
Vista National Insurance,75937,VA,2025-02-23,Commercial Auto,Rate Decrease,-1.8,2025-04-23,1.0,0.982,"VA-South, VA-West",5.3,1172,1151,At Market Avg,Mid-Tier,Actuarial Department,Approved,2025-04-06
Vista National Insurance,75937,WA,2025-09-10,Commercial Auto,Rate Decrease,-3.4,2025-10-14,1.0,0.966,"WA-North, WA-West",2.6,1655,1599,Premium Below Market Avg,Mid-Tier,Actuarial Department,Pending,
Vista National Insurance,75937,CA,2025-02-28,Homeowners,Rate Increase,4.8,2025-04-14,1.0,1.048,"CA-North, CA-South",1.9,1720,1803,Premium Above Market Avg,Mid-Tier,Actuarial Department,Withdrawn,
Vista National Insurance,75937,FL,2025-07-25,Homeowners,Rate Decrease,-3.9,2025-08-28,1.0,0.961,"FL-West, FL-South",8.5,2802,2693,Premium Below Market Avg,Mid-Tier,Actuarial Department,Approved,2025-09-04
Vista National Insurance,75937,MA,2024-12-21,Homeowners,Rate Increase,1.9,2025-04-15,1.0,1.019,"MA-North, MA-West",3.6,2086,2126,At Market Avg,Mid-Tier,Actuarial Department,Approved,2025-03-23
Vista National Insurance,75937,MD,2025-09-10,Homeowners,Rate Increase,9.8,2025-11-27,1.0,1.098,"MD-South, MD-North",5.0,1208,1326,Premium Above Market Avg,Premium,Actuarial Department,Approved,2025-10-14
Vista National Insurance,75937,NC,2024-07-22,Homeowners,Rate Increase,2.4,2024-09-26,1.0,1.024,"NC-South, NC-West",8.6,1131,1158,At Market Avg,Mid-Tier,Actuarial Department,Approved,2024-08-30
Vista National Insurance,75937,NJ,2025-05-11,Homeowners,Rate Decrease,-5.5,2025-08-25,1.0,0.945,"NJ-West, NJ-East",1.6,1507,1424,Premium Below Market Avg,Premium,Actuarial Department,Rejected,
Vista National Insurance,75937,NY,2024-07-31,Homeowners,Rate Increase,9.9,2024-10-26,1.0,1.099,"NY-West, NY-Central",4.3,2285,2511,Premium Above Market Avg,Budget,Actuarial Department,Approved,2024-09-26
Vista National Insurance,75937,OR,2025-12-15,Homeowners,Rate Increase,4.6,2026-01-15,1.0,1.046,"OR-West, OR-North, OR-Central",7.6,1455,1522,Premium Above Market Avg,Mid-Tier,Actuarial Department,Approved,2026-01-12
Vista National Insurance,75937,VA,2024-08-07,Homeowners,Rate Decrease,-2.0,2024-11-05,1.0,0.98,"VA-East, VA-Central, VA-South",3.0,1478,1448,At Market Avg,Mid-Tier,Actuarial Department,Approved,2024-09-13
Vista National Insurance,75937,WA,2025-08-29,Homeowners,Rate Increase,3.5,2025-10-03,1.0,1.035,"WA-South, WA-East",1.5,3173,3284,Premium Above Market Avg,Premium,Actuarial Department,Approved,2025-09-29
Vista National Insurance,75937,CA,2025-04-11,Personal Auto,New Filing,0.0,2025-08-02,1.0,1.0,"CA-East, CA-North",5.3,971,971,At Market Avg,Mid-Tier,Actuarial Department,Pending,
Vista National Insurance,75937,FL,2025-10-04,Personal Auto,Rate Increase,6.0,2025-12-25,1.0,1.06,"FL-Central, FL-South",3.9,1277,1354,Premium Above Market Avg,Mid-Tier,Actuarial Department,Approved,2025-12-04
Vista National Insurance,75937,MA,2025-08-27,Personal Auto,Rate Decrease,-5.5,2025-12-11,1.0,0.945,"MA-Central, MA-West",6.1,1357,1282,Premium Below Market Avg,Mid-Tier,Actuarial Department,Rejected,
Vista National Insurance,75937,MD,2025-05-03,Personal Auto,Rate Increase,3.8,2025-07-22,1.0,1.038,"MD-North, MD-Central",12.5,1001,1039,Premium Above Market Avg,Mid-Tier,Actuarial Department,Pending,
Vista National Insurance,75937,NC,2025-11-28,Personal Auto,Rate Increase,4.3,2026-01-16,1.0,1.043,"NC-East, NC-Central",3.4,872,909,Premium Above Market Avg,Premium,Actuarial Department,Approved,2026-01-08
Vista National Insurance,75937,NJ,2025-06-06,Personal Auto,Rate Decrease,-6.6,2025-09-30,1.0,0.934,"NJ-East, NJ-North",8.8,833,778,Premium Below Market Avg,Mid-Tier,Actuarial Department,Approved,2025-07-12
Vista National Insurance,75937,NY,2025-03-08,Personal Auto,Rate Increase,8.9,2025-06-25,1.0,1.089,"NY-South, NY-North",4.3,1165,1269,Premium Above Market Avg,Budget,Actuarial Department,Approved,2025-05-11
Vista National Insurance,75937,OR,2024-05-29,Personal Auto,New Filing,0.0,2024-08-14,1.0,1.0,"OR-North, OR-South",6.1,976,976,At Market Avg,Budget,Actuarial Department,Rejected,
Vista National Insurance,75937,VA,2024-06-17,Personal Auto,Rate Decrease,-6.2,2024-10-04,1.0,0.938,"VA-South, VA-East",4.7,1096,1028,Premium Below Market Avg,Mid-Tier,Actuarial Department,Pending,
Vista National Insurance,75937,WA,2024-09-23,Personal Auto,Rate Increase,11.3,2024-11-04,1.0,1.113,"WA-East, WA-North",10.6,1442,1605,Premium Above Market Avg,Budget,Actuarial Department,Approved,2024-10-24
Vista National Insurance,75937,CA,2025-05-24,Workers Comp,Rate Decrease,-4.6,2025-09-19,1.0,0.954,"CA-West, CA-Central",12.8,2404,2293,Premium Below Market Avg,Budget,Actuarial Department,Approved,2025-08-22
Vista National Insurance,75937,FL,2025-03-17,Workers Comp,Rate Increase,8.9,2025-06-04,1.0,1.089,"FL-Central, FL-West",1.6,1725,1879,Premium Above Market Avg,Premium,Actuarial Department,Approved,2025-05-10
Vista National Insurance,75937,MA,2024-05-12,Workers Comp,Rate Increase,8.6,2024-07-26,1.0,1.086,"MA-West, MA-Central",4.0,2021,2195,Premium Above Market Avg,Mid-Tier,Actuarial Department,Approved,2024-07-04
Vista National Insurance,75937,MD,2024-08-05,Workers Comp,Rate Increase,4.9,2024-09-05,1.0,1.049,"MD-West, MD-South",11.4,1342,1408,Premium Above Market Avg,Mid-Tier,Actuarial Department,Approved,2024-09-17
Vista National Insurance,75937,NC,2024-11-12,Workers Comp,Rate Increase,11.3,2025-02-27,1.0,1.113,"NC-West, NC-Central",8.8,1469,1635,Premium Above Market Avg,Premium,Actuarial Department,Approved,2025-01-19
Vista National Insurance,75937,NJ,2024-12-10,Workers Comp,Rate Decrease,-4.8,2025-01-23,1.0,0.952,"NJ-Central, NJ-North, NJ-South",2.9,1865,1775,Premium Below Market Avg,Premium,Actuarial Department,Approved,2025-01-29
Vista National Insurance,75937,NY,2024-07-23,Workers Comp,Rate Decrease,-4.3,2024-10-23,1.0,0.957,"NY-West, NY-South, NY-Central",2.7,1830,1751,Premium Below Market Avg,Mid-Tier,Actuarial Department,Approved,2024-10-09
Vista National Insurance,75937,OR,2025-05-12,Workers Comp,New Filing,0.0,2025-08-25,1.0,1.0,"OR-West, OR-South",7.8,1848,1848,At Market Avg,Budget,Actuarial Department,Pending,
Vista National Insurance,75937,VA,2025-06-27,Workers Comp,Rate Increase,7.5,2025-08-28,1.0,1.075,"VA-West, VA-North",17.1,1153,1239,Premium Above Market Avg,Budget,Actuarial Department,Pending,
Vista National Insurance,75937,WA,2024-10-18,Workers Comp,Rate Increase,9.8,2024-12-26,1.0,1.098,"WA-Central, WA-North",10.5,1841,2021,Premium Above Market Avg,Budget,Actuarial Department,Approved,2024-12-04
