Company,LOB,Date,Currency,State,NetEarnedPremium_MUSD,NetWrittenPremium_MUSD,GrossWrittenPremium_MUSD,ClaimPaid_MUSD,LAE_MUSD,LossRatio_Pct,Expenses_MUSD,Retention_Ratio_Pct,Combined_Ratio_Pct,AvgSettlementDays,LitigationRate_Pct,ClaimSettlementRatio_Pct,RenewalRate_Pct,NewPoliciesIssued_Pct
Atlas Mutual Insurance,Commercial Auto,12/31/2023,USD,CA,280,287,312,195,22,77.5,78,91.99,105.36,36,13.21,89.23,11.76,2.59
Atlas Mutual Insurance,Commercial Auto,12/31/2024,USD,CA,958,986,1037,630,62,72.2,234,95.08,96.66,21,10.74,94.02,10.77,8.29
Atlas Mutual Insurance,Commercial Auto,12/31/2023,USD,FL,973,1001,1089,676,78,77.5,278,91.92,106.06,38,9.59,92.64,9.72,2.8
Atlas Mutual Insurance,Commercial Auto,12/31/2024,USD,FL,291,299,314,192,19,72.5,78,95.22,99.31,18,12.13,90.83,11.5,8.06
Atlas Mutual Insurance,Commercial Auto,12/31/2023,USD,MA,452,465,506,314,36,77.4,95,91.9,98.45,39,13.69,92.04,10.46,2.21
Atlas Mutual Insurance,Commercial Auto,12/31/2024,USD,MA,444,456,480,292,29,72.3,132,95,102.03,26,5.23,90.32,9.65,5
Atlas Mutual Insurance,Commercial Auto,12/31/2023,USD,MD,586,603,656,407,47,77.5,162,91.92,105.12,38,11.82,92.43,8.19,2.34
Atlas Mutual Insurance,Commercial Auto,12/31/2024,USD,MD,725,746,784,477,47,72.3,202,95.15,100.14,25,5.14,93.73,9.56,9.56
Atlas Mutual Insurance,Commercial Auto,12/31/2023,USD,NC,897,923,1004,624,72,77.6,191,91.93,98.89,40,5.59,93.34,9,2.96
Atlas Mutual Insurance,Commercial Auto,12/31/2024,USD,NC,115,117,123,76,7,72.2,28,95.12,96.52,22,7.52,91.68,9.12,6.24
Atlas Mutual Insurance,Commercial Auto,12/31/2023,USD,NJ,3735,3846,4183,2596,299,77.5,885,91.94,101.2,40,14.76,92.61,10.07,2.88
Atlas Mutual Insurance,Commercial Auto,12/31/2024,USD,NJ,125,128,134,82,8,72,37,95.52,101.6,22,14.16,91.99,10.19,6.65
Atlas Mutual Insurance,Commercial Auto,12/31/2023,USD,NY,1257,1294,1408,874,101,77.6,332,91.9,103.98,38,12.75,91.84,11.52,2.53
Atlas Mutual Insurance,Commercial Auto,12/31/2024,USD,NY,574,590,620,378,37,72.3,162,95.16,100.52,22,11.72,91.31,8.98,7.95
Atlas Mutual Insurance,Commercial Auto,12/31/2023,USD,OR,104,106,115,72,8,76.9,25,92.17,100.96,34,13.55,90.47,8.82,2.47
Atlas Mutual Insurance,Commercial Auto,12/31/2024,USD,OR,96,99,104,63,6,71.9,21,95.19,93.75,23,7.41,94.24,10.6,9.52
Atlas Mutual Insurance,Commercial Auto,12/31/2023,USD,VA,45,46,51,31,4,77.8,11,90.2,102.22,40,6.47,92.57,10.88,2.46
Atlas Mutual Insurance,Commercial Auto,12/31/2024,USD,VA,526,542,569,346,34,72.2,109,95.25,92.97,20,14.18,91.47,10.9,8.29
Atlas Mutual Insurance,Commercial Auto,12/31/2023,USD,WA,347,356,388,241,28,77.5,98,91.75,105.76,42,9.95,93.62,10.46,2.02
Atlas Mutual Insurance,Commercial Auto,12/31/2024,USD,WA,340,350,368,224,22,72.4,89,95.11,98.53,27,10.03,90.9,11.25,9.43
Atlas Mutual Insurance,Homeowners,12/31/2023,USD,CA,2959,3017,3047,1982,252,75.5,1065,99.02,111.49,19,0.53,95.8,12.23,1.6
Atlas Mutual Insurance,Homeowners,12/31/2024,USD,CA,2800,2855,2884,1827,182,71.8,1002,98.99,107.54,24,0.32,95.78,11.53,3.87
Atlas Mutual Insurance,Homeowners,12/31/2023,USD,FL,782,797,805,524,66,75.4,282,99.01,111.51,21,0.48,95.14,12.94,1.01
Atlas Mutual Insurance,Homeowners,12/31/2024,USD,FL,1764,1798,1816,1151,115,71.8,596,99.01,105.56,25,0.37,95.6,10.79,2.61
Atlas Mutual Insurance,Homeowners,12/31/2023,USD,MA,59,60,61,39,5,74.6,21,98.36,110.17,17,0.38,94.96,12.47,1.07
Atlas Mutual Insurance,Homeowners,12/31/2024,USD,MA,282,287,290,184,18,71.6,104,98.97,108.51,29,0.38,97.88,14.68,3.38
Atlas Mutual Insurance,Homeowners,12/31/2023,USD,MD,7578,7728,7805,5075,644,75.5,2728,99.01,111.47,20,0.43,95.31,11.76,1.06
Atlas Mutual Insurance,Homeowners,12/31/2024,USD,MD,386,393,397,252,25,71.8,141,98.99,108.29,27,0.56,95.98,10.31,2.66
Atlas Mutual Insurance,Homeowners,12/31/2023,USD,NC,2744,2798,2826,1838,233,75.5,988,99.01,111.48,24,0.41,94.64,15,1.15
Atlas Mutual Insurance,Homeowners,12/31/2024,USD,NC,284,289,292,185,18,71.5,102,98.97,107.39,29,0.83,96.37,10.44,2.1
Atlas Mutual Insurance,Homeowners,12/31/2023,USD,NJ,188,191,193,126,16,75.5,68,98.96,111.7,23,0.44,95.72,14.87,1.31
Atlas Mutual Insurance,Homeowners,12/31/2024,USD,NJ,3415,3482,3517,2229,222,71.8,1126,99,104.74,17,0.74,98,11.21,4.92
Atlas Mutual Insurance,Homeowners,12/31/2023,USD,NY,4223,4306,4349,2828,359,75.5,1520,99.01,111.46,17,0.44,96.09,10.63,1.93
Atlas Mutual Insurance,Homeowners,12/31/2024,USD,NY,448,456,461,292,29,71.7,154,98.92,106.03,20,0.71,97.88,14.32,2.71
Atlas Mutual Insurance,Homeowners,12/31/2023,USD,OR,3655,3727,3764,2448,311,75.5,1316,99.02,111.49,23,0.69,95.79,12.25,1.57
Atlas Mutual Insurance,Homeowners,12/31/2024,USD,OR,1882,1919,1938,1228,122,71.7,606,99.02,103.93,19,0.35,97.37,12.48,3.87
Atlas Mutual Insurance,Homeowners,12/31/2023,USD,VA,4167,4249,4291,2790,354,75.4,1500,99.02,111.45,19,0.4,94.33,13.48,1.77
Atlas Mutual Insurance,Homeowners,12/31/2024,USD,VA,5063,5163,5215,3304,329,71.8,1659,99,104.52,26,0.42,95.36,13.69,2.93
Atlas Mutual Insurance,Homeowners,12/31/2023,USD,WA,728,743,750,488,62,75.5,262,99.07,111.54,19,0.85,96.76,13.87,1.92
Atlas Mutual Insurance,Homeowners,12/31/2024,USD,WA,201,204,206,131,13,71.6,71,99.03,106.97,21,0.56,96.93,11.91,3.02
Atlas Mutual Insurance,Personal Auto,12/31/2023,USD,CA,10230,10536,11763,6684,818,73.3,3324,89.57,105.83,15,2.64,96.22,10.5,2.12
Atlas Mutual Insurance,Personal Auto,12/31/2024,USD,CA,327,336,371,209,25,71.6,101,90.57,102.45,14,3.25,97.38,12.19,5.14
Atlas Mutual Insurance,Personal Auto,12/31/2023,USD,FL,1663,1712,1911,1086,133,73.3,526,89.59,104.93,21,3.52,95.99,13.65,2.64
Atlas Mutual Insurance,Personal Auto,12/31/2024,USD,FL,819,844,933,524,61,71.4,244,90.46,101.22,17,3.51,95.97,13.43,5.27
Atlas Mutual Insurance,Personal Auto,12/31/2023,USD,MA,1413,1454,1624,923,113,73.3,451,89.53,105.24,18,3.59,94.08,10.5,2.18
Atlas Mutual Insurance,Personal Auto,12/31/2024,USD,MA,92,95,105,59,7,71.7,27,90.48,101.09,22,2.03,95.61,14.57,9.07
Atlas Mutual Insurance,Personal Auto,12/31/2023,USD,MD,7873,8109,9054,5144,630,73.3,2461,89.56,104.6,10,2.79,94.57,10.72,2.39
Atlas Mutual Insurance,Personal Auto,12/31/2024,USD,MD,244,251,278,156,18,71.3,73,90.29,101.23,15,3,95.55,13.1,6.09
Atlas Mutual Insurance,Personal Auto,12/31/2023,USD,NC,1471,1515,1691,961,118,73.4,463,89.59,104.83,24,2.2,95.97,13.71,2.32
Atlas Mutual Insurance,Personal Auto,12/31/2024,USD,NC,576,593,656,368,43,71.4,175,90.4,101.74,21,2.9,96.56,13.58,8.17
Atlas Mutual Insurance,Personal Auto,12/31/2023,USD,NJ,2196,2262,2526,1435,176,73.4,700,89.55,105.24,23,2.05,95.07,10.37,2.88
Atlas Mutual Insurance,Personal Auto,12/31/2024,USD,NJ,2553,2630,2908,1633,192,71.5,783,90.44,102.15,17,3.91,97.64,11.06,8.28
Atlas Mutual Insurance,Personal Auto,12/31/2023,USD,NY,6556,6753,7540,4283,524,73.3,2124,89.56,105.72,20,3.66,96.75,14.35,2.15
Atlas Mutual Insurance,Personal Auto,12/31/2024,USD,NY,1514,1559,1724,968,114,71.5,449,90.43,101.12,24,2.9,95.15,14.44,6.77
Atlas Mutual Insurance,Personal Auto,12/31/2023,USD,OR,973,1002,1119,636,78,73.4,318,89.54,106.06,18,3.1,96.21,14.19,2.68
Atlas Mutual Insurance,Personal Auto,12/31/2024,USD,OR,1681,1731,1914,1075,126,71.4,515,90.44,102.08,12,3.03,95.04,11.65,8.08
Atlas Mutual Insurance,Personal Auto,12/31/2023,USD,VA,1969,2028,2264,1286,158,73.3,626,89.58,105.13,21,3.96,95.22,10.92,3
Atlas Mutual Insurance,Personal Auto,12/31/2024,USD,VA,686,707,782,439,51,71.4,203,90.41,101.02,10,3.91,96.4,10.53,6.2
Atlas Mutual Insurance,Personal Auto,12/31/2023,USD,WA,207,213,238,135,17,73.4,67,89.5,105.8,20,2.86,96.27,12.97,2.69
Atlas Mutual Insurance,Personal Auto,12/31/2024,USD,WA,1040,1071,1185,665,78,71.4,305,90.38,100.77,16,2.82,97.87,14.86,9.65
Atlas Mutual Insurance,Workers Comp,12/31/2023,USD,CA,126,128,154,88,9,77,30,83.12,100.79,87,10.78,95.17,-1.47,1.59
Atlas Mutual Insurance,Workers Comp,12/31/2024,USD,CA,560,570,669,373,36,73,129,85.2,96.07,212,13.32,97.92,-1.47,0.21
Atlas Mutual Insurance,Workers Comp,12/31/2023,USD,FL,12,13,17,8,1,75,3,76.47,100,254,11.23,96.02,-1.47,1.18
Atlas Mutual Insurance,Workers Comp,12/31/2024,USD,FL,1182,1205,1413,786,77,73,295,85.28,97.97,604,13.34,95.01,-1.47,0.09
Atlas Mutual Insurance,Workers Comp,12/31/2023,USD,MA,30,31,38,21,2,76.7,8,81.58,103.33,309,13.2,95.04,-1.47,1.83
Atlas Mutual Insurance,Workers Comp,12/31/2024,USD,MA,371,377,442,247,24,73,94,85.29,98.38,211,11.44,97.66,-1.47,0.14
Atlas Mutual Insurance,Workers Comp,12/31/2023,USD,MD,75,76,92,53,5,77.3,18,82.61,101.33,381,15.38,96.98,-1.47,0.53
Atlas Mutual Insurance,Workers Comp,12/31/2024,USD,MD,950,968,1135,632,62,73.1,235,85.29,97.79,631,10.22,96.11,-1.47,0.04
Atlas Mutual Insurance,Workers Comp,12/31/2023,USD,NC,6,7,10,4,0,66.7,1,70,83.33,130,10.98,94.59,-1.47,1.39
Atlas Mutual Insurance,Workers Comp,12/31/2024,USD,NC,2275,2319,2719,1513,148,73,531,85.29,96.35,336,12.05,98.18,-1.47,0.09
Atlas Mutual Insurance,Workers Comp,12/31/2023,USD,NJ,51,52,63,36,4,78.4,13,82.54,103.92,339,18.76,94.31,-1.47,0.8
Atlas Mutual Insurance,Workers Comp,12/31/2024,USD,NJ,1226,1249,1464,816,80,73.1,299,85.31,97.47,582,17.13,98.12,-1.47,0.38
Atlas Mutual Insurance,Workers Comp,12/31/2023,USD,NY,73,74,89,51,5,76.7,18,83.15,101.37,285,16.01,95.82,-1.47,1.13
Atlas Mutual Insurance,Workers Comp,12/31/2024,USD,NY,426,434,509,283,28,73,108,85.27,98.36,231,19.41,97.87,-1.47,0.24
Atlas Mutual Insurance,Workers Comp,12/31/2023,USD,OR,196,199,239,137,14,77,49,83.26,102.04,227,15.67,96.63,-1.47,1.91
Atlas Mutual Insurance,Workers Comp,12/31/2024,USD,OR,1017,1036,1214,677,66,73.1,251,85.34,97.74,236,19.65,95.2,-1.47,0.03
Atlas Mutual Insurance,Workers Comp,12/31/2023,USD,VA,21,22,27,15,1,76.2,5,81.48,100,219,11.86,97.14,-1.47,1.91
Atlas Mutual Insurance,Workers Comp,12/31/2024,USD,VA,1378,1405,1647,917,90,73.1,330,85.31,97.02,426,14.65,97.93,-1.47,0.4
Atlas Mutual Insurance,Workers Comp,12/31/2023,USD,WA,51,52,63,36,4,78.4,12,82.54,101.96,224,12.25,96.41,-1.47,0.96
Atlas Mutual Insurance,Workers Comp,12/31/2024,USD,WA,195,198,232,130,13,73.3,47,85.34,97.44,481,14.89,98.93,-1.47,0.45
Blue Harbor Assurance,Commercial Auto,12/31/2023,USD,CA,32,33,37,22,3,78.1,7,89.19,100,35,8.71,92.03,8.27,2.84
Blue Harbor Assurance,Commercial Auto,12/31/2024,USD,CA,520,536,563,342,34,72.3,125,95.2,96.35,25,10.71,91.39,8.94,5.61
Blue Harbor Assurance,Commercial Auto,12/31/2023,USD,FL,12,13,15,8,1,75,3,86.67,100,38,14.07,92.32,9.07,2.87
Blue Harbor Assurance,Commercial Auto,12/31/2024,USD,FL,334,344,361,220,22,72.5,75,95.29,94.91,21,14.43,91.1,9.93,7.77
Blue Harbor Assurance,Commercial Auto,12/31/2023,USD,MA,6,7,9,4,0,66.7,1,77.78,83.33,42,11.3,91.14,8.93,2.43
Blue Harbor Assurance,Commercial Auto,12/31/2024,USD,MA,751,774,814,494,49,72.3,171,95.09,95.07,23,5.49,91.63,8.54,8.92
Blue Harbor Assurance,Commercial Auto,12/31/2023,USD,MD,0,0,1,0,0,,0,0,,37,13.16,92.72,9.83,2.27
Blue Harbor Assurance,Commercial Auto,12/31/2024,USD,MD,91,94,99,60,6,72.5,24,94.95,98.9,21,7.42,90.45,8,7.19
Blue Harbor Assurance,Commercial Auto,12/31/2023,USD,NC,11,12,14,8,1,81.8,3,85.71,109.09,40,10.23,93.88,10.49,2.33
Blue Harbor Assurance,Commercial Auto,12/31/2024,USD,NC,452,466,490,297,29,72.1,126,95.1,100,20,11.13,90.81,10.75,6.63
Blue Harbor Assurance,Commercial Auto,12/31/2023,USD,NJ,4,5,6,3,0,75,1,83.33,100,36,7.18,89.88,9.59,2.14
Blue Harbor Assurance,Commercial Auto,12/31/2024,USD,NJ,90,93,98,59,6,72.2,22,94.9,96.67,26,6.93,92.06,10.09,9.73
Blue Harbor Assurance,Commercial Auto,12/31/2023,USD,NY,31,32,35,22,2,77.4,9,91.43,106.45,34,10.95,89.8,8.64,2.77
Blue Harbor Assurance,Commercial Auto,12/31/2024,USD,NY,368,379,399,242,24,72.3,80,94.99,94.02,16,11.62,94.47,10.65,5.41
Blue Harbor Assurance,Commercial Auto,12/31/2023,USD,OR,2,3,4,1,0,50,0,75,50,36,5.52,91.37,10.7,2.57
Blue Harbor Assurance,Commercial Auto,12/31/2024,USD,OR,996,1026,1078,655,65,72.3,208,95.18,93.17,21,7.97,90.4,8.05,7.01
Blue Harbor Assurance,Commercial Auto,12/31/2023,USD,VA,1,2,3,1,0,100,0,66.67,100,38,13.71,91.42,10.25,2.18
Blue Harbor Assurance,Commercial Auto,12/31/2024,USD,VA,101,104,109,66,7,72.3,25,95.41,97.03,26,6.23,91.17,11.75,9.18
Blue Harbor Assurance,Commercial Auto,12/31/2023,USD,WA,19,20,23,13,1,73.7,4,86.96,94.74,38,11.59,91.87,10.01,2.58
Blue Harbor Assurance,Commercial Auto,12/31/2024,USD,WA,23,24,26,15,1,69.6,6,92.31,95.65,26,6.99,94.5,11.61,9.49
Blue Harbor Assurance,Homeowners,12/31/2023,USD,CA,1300,1326,1339,871,111,75.5,468,99.03,111.54,23,0.83,94.76,12.07,1.78
Blue Harbor Assurance,Homeowners,12/31/2024,USD,CA,1566,1596,1612,1022,102,71.8,513,99.01,104.53,20,0.31,98,10.91,3.17
Blue Harbor Assurance,Homeowners,12/31/2023,USD,FL,992,1012,1022,664,84,75.4,357,99.02,111.39,21,0.56,96.21,14.1,1.41
Blue Harbor Assurance,Homeowners,12/31/2024,USD,FL,841,858,867,549,55,71.8,298,98.96,107.25,16,0.39,98,14.32,2.84
Blue Harbor Assurance,Homeowners,12/31/2023,USD,MA,323,329,332,216,27,75.2,116,99.1,111.15,29,0.46,95.37,10.92,1.92
Blue Harbor Assurance,Homeowners,12/31/2024,USD,MA,1243,1268,1281,811,81,71.8,425,98.99,105.95,25,0.39,95.46,11.09,3.91
Blue Harbor Assurance,Homeowners,12/31/2023,USD,MD,1211,1235,1247,811,103,75.5,436,99.04,111.48,22,0.56,96.33,11.83,1.72
Blue Harbor Assurance,Homeowners,12/31/2024,USD,MD,445,454,459,290,29,71.7,151,98.91,105.62,25,0.31,96.3,10.25,4.86
Blue Harbor Assurance,Homeowners,12/31/2023,USD,NC,69,70,71,46,6,75.4,25,98.59,111.59,20,0.78,94.77,13.56,1.74
Blue Harbor Assurance,Homeowners,12/31/2024,USD,NC,99,101,102,65,6,71.7,33,99.02,105.05,20,0.54,96.21,13.17,3.23
Blue Harbor Assurance,Homeowners,12/31/2023,USD,NJ,442,451,456,296,38,75.6,159,98.9,111.54,25,0.66,94.71,13.2,1.96
Blue Harbor Assurance,Homeowners,12/31/2024,USD,NJ,1117,1139,1150,729,73,71.8,393,99.04,106.98,25,0.71,95.6,10.51,5
Blue Harbor Assurance,Homeowners,12/31/2023,USD,NY,1205,1229,1241,807,102,75.4,434,99.03,111.45,23,0.73,95.47,14.31,1.55
Blue Harbor Assurance,Homeowners,12/31/2024,USD,NY,1330,1357,1371,868,86,71.7,450,98.98,105.56,20,0.22,97.18,10.57,3.9
Blue Harbor Assurance,Homeowners,12/31/2023,USD,OR,52,53,54,35,4,75,19,98.15,111.54,25,0.56,94.21,10.43,1.56
Blue Harbor Assurance,Homeowners,12/31/2024,USD,OR,308,314,317,201,20,71.8,100,99.05,104.22,27,0.54,95.95,14.05,3.88
Blue Harbor Assurance,Homeowners,12/31/2023,USD,VA,240,245,247,161,20,75.4,86,99.19,111.25,21,0.63,94.73,10.96,1.92
Blue Harbor Assurance,Homeowners,12/31/2024,USD,VA,1324,1351,1365,864,86,71.8,431,98.97,104.31,19,0.75,96.18,12.83,2.9
Blue Harbor Assurance,Homeowners,12/31/2023,USD,WA,378,386,390,253,32,75.4,136,98.97,111.38,24,0.39,96.29,10.26,1.52
Blue Harbor Assurance,Homeowners,12/31/2024,USD,WA,856,873,882,559,56,71.8,315,98.98,108.64,25,0.75,95.43,11.57,2.28
Blue Harbor Assurance,Personal Auto,12/31/2023,USD,CA,769,792,884,502,61,73.2,252,89.59,105.98,14,4,96.93,10.47,2.12
Blue Harbor Assurance,Personal Auto,12/31/2024,USD,CA,3511,3616,3999,2246,263,71.5,1067,90.42,101.85,11,2.31,95.87,10.87,9.45
Blue Harbor Assurance,Personal Auto,12/31/2023,USD,FL,3614,3722,4155,2361,289,73.3,1140,89.58,104.87,17,2.92,95.44,13.11,2.98
Blue Harbor Assurance,Personal Auto,12/31/2024,USD,FL,11046,11377,12582,7066,829,71.5,3417,90.42,102.41,18,2.38,98,10.66,6.47
Blue Harbor Assurance,Personal Auto,12/31/2023,USD,MA,442,455,508,289,35,73.3,144,89.57,105.88,13,3.74,95.97,10.3,2.68
Blue Harbor Assurance,Personal Auto,12/31/2024,USD,MA,534,550,609,342,40,71.5,163,90.31,102.06,20,2.11,97.7,12.82,7.77
Blue Harbor Assurance,Personal Auto,12/31/2023,USD,MD,1782,1835,2048,1164,143,73.3,568,89.6,105.22,18,2.25,96.77,14.78,2.49
Blue Harbor Assurance,Personal Auto,12/31/2024,USD,MD,1846,1901,2102,1181,139,71.5,545,90.44,101.03,30,2,95.64,11.65,7.69
Blue Harbor Assurance,Personal Auto,12/31/2023,USD,NC,2019,2080,2323,1319,161,73.3,630,89.54,104.51,16,3.13,94.79,10.78,2.7
Blue Harbor Assurance,Personal Auto,12/31/2024,USD,NC,1774,1827,2020,1135,133,71.5,546,90.45,102.25,25,2.78,97.49,10.67,9.79
Blue Harbor Assurance,Personal Auto,12/31/2023,USD,NJ,1234,1271,1419,806,99,73.3,394,89.57,105.27,26,3.6,96.65,13.47,2.86
Blue Harbor Assurance,Personal Auto,12/31/2024,USD,NJ,9824,10119,11190,6284,737,71.5,2889,90.43,100.88,17,3.4,97.07,12.95,6.87
Blue Harbor Assurance,Personal Auto,12/31/2023,USD,NY,1256,1294,1445,821,100,73.3,397,89.55,104.94,20,3.9,94.32,10.65,2.51
Blue Harbor Assurance,Personal Auto,12/31/2024,USD,NY,9765,10058,11123,6247,732,71.5,2945,90.43,101.63,26,3.44,96.55,13.69,7.94
Blue Harbor Assurance,Personal Auto,12/31/2023,USD,OR,1537,1583,1768,1004,123,73.3,482,89.54,104.68,10,3.67,95.87,11.26,2.52
Blue Harbor Assurance,Personal Auto,12/31/2024,USD,OR,813,837,925,520,61,71.5,250,90.49,102.21,20,2,96.3,13.79,9.63
Blue Harbor Assurance,Personal Auto,12/31/2023,USD,VA,329,339,378,215,26,73.3,107,89.68,105.78,21,2.06,96.37,12.4,2.46
Blue Harbor Assurance,Personal Auto,12/31/2024,USD,VA,9376,9657,10680,5998,703,71.5,2854,90.42,101.91,21,3.09,97.45,10.84,5.91
Blue Harbor Assurance,Personal Auto,12/31/2023,USD,WA,1946,2004,2237,1271,156,73.3,620,89.58,105.19,24,2.91,95.9,12.87,2.16
Blue Harbor Assurance,Personal Auto,12/31/2024,USD,WA,280,288,319,179,21,71.4,85,90.28,101.79,29,2.25,97.38,12.56,7.62
Blue Harbor Assurance,Workers Comp,12/31/2023,USD,CA,1421,1448,1740,995,99,77,352,83.22,101.76,174,11.9,97.05,-1.47,1.02
Blue Harbor Assurance,Workers Comp,12/31/2024,USD,CA,343,349,409,228,22,72.9,86,85.33,97.96,584,13.02,96.02,-1.47,0.41
Blue Harbor Assurance,Workers Comp,12/31/2023,USD,FL,413,420,505,289,29,77,96,83.17,100.24,301,18.73,95.66,-1.47,1.72
Blue Harbor Assurance,Workers Comp,12/31/2024,USD,FL,129,131,153,86,8,72.9,31,85.62,96.9,420,17.6,96.25,-1.47,0.38
Blue Harbor Assurance,Workers Comp,12/31/2023,USD,MA,260,264,318,182,18,76.9,60,83.02,100,318,15.88,94.07,-1.47,1.95
Blue Harbor Assurance,Workers Comp,12/31/2024,USD,MA,82,83,98,55,5,73.2,20,84.69,97.56,321,17.26,98.49,-1.47,0.49
Blue Harbor Assurance,Workers Comp,12/31/2023,USD,MD,114,115,138,80,8,77.2,27,83.33,100.88,136,17.13,94.39,-1.47,1.6
Blue Harbor Assurance,Workers Comp,12/31/2024,USD,MD,96,97,114,64,6,72.9,22,85.09,95.83,290,18.24,95.74,-1.47,0.32
Blue Harbor Assurance,Workers Comp,12/31/2023,USD,NC,320,325,390,224,22,76.9,75,83.33,100.31,192,12.71,94.22,-1.47,0.13
Blue Harbor Assurance,Workers Comp,12/31/2024,USD,NC,237,241,282,158,15,73,59,85.46,97.89,340,19.21,97.66,-1.47,0.47
Blue Harbor Assurance,Workers Comp,12/31/2023,USD,NJ,665,677,814,466,47,77.1,156,83.17,100.6,135,13.56,95.14,-1.47,0.45
Blue Harbor Assurance,Workers Comp,12/31/2024,USD,NJ,39,40,48,26,3,74.4,10,83.33,100,214,13.99,98.02,-1.47,0.49
Blue Harbor Assurance,Workers Comp,12/31/2023,USD,NY,686,699,840,480,48,77,170,83.21,101.75,356,14.22,96.26,-1.47,1.79
Blue Harbor Assurance,Workers Comp,12/31/2024,USD,NY,1071,1091,1279,712,70,73,257,85.3,97.01,323,17.14,95.22,-1.47,0.15
Blue Harbor Assurance,Workers Comp,12/31/2023,USD,OR,308,313,376,216,22,77.3,76,83.24,101.95,321,17.32,95.41,-1.47,1.47
Blue Harbor Assurance,Workers Comp,12/31/2024,USD,OR,25,26,31,17,2,76,6,83.87,100,591,18.23,97.21,-1.47,0.43
Blue Harbor Assurance,Workers Comp,12/31/2023,USD,VA,885,902,1084,619,62,76.9,229,83.21,102.82,409,17.86,96.23,-1.47,1.47
Blue Harbor Assurance,Workers Comp,12/31/2024,USD,VA,314,319,374,209,20,72.9,77,85.29,97.45,402,13.12,97.34,-1.47,0.41
Blue Harbor Assurance,Workers Comp,12/31/2023,USD,WA,1377,1404,1688,964,96,77,349,83.18,102.32,545,11.7,95.93,-1.47,1.3
Blue Harbor Assurance,Workers Comp,12/31/2024,USD,WA,389,396,464,259,25,73,90,85.34,96.14,493,18.99,96.1,-1.47,0.38
Cedar Ridge Insurance,Commercial Auto,12/31/2023,USD,CA,1011,1040,1131,703,81,77.5,251,91.95,102.37,40,12.69,89.24,10.38,2.96
Cedar Ridge Insurance,Commercial Auto,12/31/2024,USD,CA,66,68,72,43,4,71.2,16,94.44,95.45,24,9.64,94.63,9.66,9.7
Cedar Ridge Insurance,Commercial Auto,12/31/2023,USD,FL,270,277,302,188,22,77.8,79,91.72,107.04,35,8.69,91,8.94,2.11
Cedar Ridge Insurance,Commercial Auto,12/31/2024,USD,FL,27,28,30,18,2,74.1,7,93.33,100,19,6.87,93.4,11.49,9.25
Cedar Ridge Insurance,Commercial Auto,12/31/2023,USD,MA,627,645,701,436,50,77.5,155,92.01,102.23,40,14.66,91.78,10.72,2.4
Cedar Ridge Insurance,Commercial Auto,12/31/2024,USD,MA,35,36,38,23,2,71.4,8,94.74,94.29,19,6.41,91.27,8.75,5
Cedar Ridge Insurance,Commercial Auto,12/31/2023,USD,MD,1053,1084,1179,732,84,77.5,246,91.94,100.85,36,14.22,91.96,9.34,2.51
Cedar Ridge Insurance,Commercial Auto,12/31/2024,USD,MD,81,83,87,53,5,71.6,20,95.4,96.3,22,13.91,92.11,10.61,9.47
Cedar Ridge Insurance,Commercial Auto,12/31/2023,USD,NC,7,8,10,5,1,85.7,2,80,114.29,39,12.8,92.2,9.3,2.13
Cedar Ridge Insurance,Commercial Auto,12/31/2024,USD,NC,11,12,14,7,1,72.7,2,85.71,90.91,17,7.95,91.06,11.32,7.07
Cedar Ridge Insurance,Commercial Auto,12/31/2023,USD,NJ,480,493,536,334,38,77.5,136,91.98,105.83,40,6.73,92.45,8.49,2.57
Cedar Ridge Insurance,Commercial Auto,12/31/2024,USD,NJ,42,43,46,28,3,73.8,12,93.48,102.38,22,8.85,90.5,10.96,8.02
Cedar Ridge Insurance,Commercial Auto,12/31/2023,USD,NY,892,918,998,620,71,77.5,191,91.98,98.88,33,9.44,92.08,10.2,2.66
Cedar Ridge Insurance,Commercial Auto,12/31/2024,USD,NY,219,226,237,144,14,72.1,56,95.36,97.72,26,6.26,91.98,10.83,6.88
Cedar Ridge Insurance,Commercial Auto,12/31/2023,USD,OR,11,12,14,8,1,81.8,2,85.71,100,40,5.64,93.17,10.38,2.15
Cedar Ridge Insurance,Commercial Auto,12/31/2024,USD,OR,9,10,11,6,1,77.8,2,90.91,100,22,8.85,93.28,9.69,8.77
Cedar Ridge Insurance,Commercial Auto,12/31/2023,USD,VA,138,141,153,96,11,77.5,31,92.16,100,37,7.17,91.78,9.31,2.16
Cedar Ridge Insurance,Commercial Auto,12/31/2024,USD,VA,90,93,98,59,6,72.2,24,94.9,98.89,22,7.67,91.71,11.17,7.82
Cedar Ridge Insurance,Commercial Auto,12/31/2023,USD,WA,1461,1504,1636,1016,117,77.5,398,91.93,104.79,42,12.03,91.68,11.22,2.82
Cedar Ridge Insurance,Commercial Auto,12/31/2024,USD,WA,5,6,7,3,0,60,1,85.71,80,24,11.09,93.04,10.48,8.97
Cedar Ridge Insurance,Homeowners,12/31/2023,USD,CA,679,693,700,455,58,75.6,244,99,111.49,18,0.68,96.6,10.94,1.77
Cedar Ridge Insurance,Homeowners,12/31/2024,USD,CA,4104,4186,4228,2678,267,71.8,1335,99.01,104.29,19,0.77,96.5,12.27,4.55
Cedar Ridge Insurance,Homeowners,12/31/2023,USD,FL,592,604,610,396,50,75.3,213,99.02,111.32,25,0.29,94.42,10.16,1.11
Cedar Ridge Insurance,Homeowners,12/31/2024,USD,FL,779,795,803,508,51,71.8,285,99,108.34,24,0.51,95.46,13.8,3.62
Cedar Ridge Insurance,Homeowners,12/31/2023,USD,MA,525,536,541,352,45,75.6,189,99.08,111.62,21,0.63,96.72,12.64,1.01
Cedar Ridge Insurance,Homeowners,12/31/2024,USD,MA,4960,5059,5110,3237,322,71.8,1644,99,104.9,24,0.77,96.34,10.62,3.12
Cedar Ridge Insurance,Homeowners,12/31/2023,USD,MD,313,319,322,210,27,75.7,113,99.07,111.82,18,0.76,96.44,12.58,1.53
Cedar Ridge Insurance,Homeowners,12/31/2024,USD,MD,685,699,706,447,45,71.8,220,99.01,103.94,19,0.4,95.47,10.64,4.39
Cedar Ridge Insurance,Homeowners,12/31/2023,USD,NC,209,213,215,140,18,75.6,75,99.07,111.48,23,0.27,96.77,13.3,1.05
Cedar Ridge Insurance,Homeowners,12/31/2024,USD,NC,2001,2041,2061,1306,130,71.8,696,99.03,106.55,21,0.47,97.93,13.29,2.87
Cedar Ridge Insurance,Homeowners,12/31/2023,USD,NJ,448,457,462,300,38,75.4,161,98.92,111.38,18,0.61,96.21,12.02,1.95
Cedar Ridge Insurance,Homeowners,12/31/2024,USD,NJ,65,66,67,42,4,70.8,22,98.51,104.62,23,0.32,95.62,13.21,4.28
Cedar Ridge Insurance,Homeowners,12/31/2023,USD,NY,877,895,904,587,75,75.5,316,99,111.52,22,0.29,96.15,10.16,1.03
Cedar Ridge Insurance,Homeowners,12/31/2024,USD,NY,2150,2193,2215,1403,140,71.8,777,99.01,107.91,23,0.53,96.67,15,2.95
Cedar Ridge Insurance,Homeowners,12/31/2023,USD,OR,259,264,267,173,22,75.3,93,98.88,111.2,24,0.72,95.58,13.58,1.7
Cedar Ridge Insurance,Homeowners,12/31/2024,USD,OR,657,670,677,429,43,71.8,237,98.97,107.91,25,0.45,95.73,12.28,4.75
Cedar Ridge Insurance,Homeowners,12/31/2023,USD,VA,182,186,188,122,15,75.3,66,98.94,111.54,27,0.22,95.93,10.54,1.28
Cedar Ridge Insurance,Homeowners,12/31/2024,USD,VA,2685,2739,2766,1752,175,71.8,902,99.02,105.36,20,0.38,95.24,10.73,2.84
Cedar Ridge Insurance,Homeowners,12/31/2023,USD,WA,6,7,8,4,1,83.3,2,87.5,116.67,25,0.85,96.77,14.41,1.96
Cedar Ridge Insurance,Homeowners,12/31/2024,USD,WA,1382,1410,1424,902,90,71.8,508,99.02,108.54,24,0.7,95.69,12.82,2.3
Cedar Ridge Insurance,Personal Auto,12/31/2023,USD,CA,2020,2081,2324,1320,162,73.4,638,89.54,104.95,24,2.25,95.42,15,2.8
Cedar Ridge Insurance,Personal Auto,12/31/2024,USD,CA,2843,2928,3238,1819,213,71.5,854,90.43,101.51,14,3.82,97.33,14.1,5.56
Cedar Ridge Insurance,Personal Auto,12/31/2023,USD,FL,736,758,847,481,59,73.4,232,89.49,104.89,17,2.33,95.85,10.33,2.13
Cedar Ridge Insurance,Personal Auto,12/31/2024,USD,FL,1257,1295,1432,804,94,71.4,388,90.43,102.31,16,2.45,97.95,11.07,8.27
Cedar Ridge Insurance,Personal Auto,12/31/2023,USD,MA,2641,2720,3037,1725,211,73.3,827,89.56,104.62,19,3.34,94.39,10.09,2.45
Cedar Ridge Insurance,Personal Auto,12/31/2024,USD,MA,5682,5852,6472,3635,426,71.5,1653,90.42,100.56,20,3.25,96.36,11.22,6.99
Cedar Ridge Insurance,Personal Auto,12/31/2023,USD,MD,930,958,1070,608,74,73.3,296,89.53,105.16,12,3.52,94.59,11.77,2.38
Cedar Ridge Insurance,Personal Auto,12/31/2024,USD,MD,4440,4573,5057,2840,333,71.5,1376,90.43,102.45,25,2.66,97.7,10,9.79
Cedar Ridge Insurance,Personal Auto,12/31/2023,USD,NC,2035,2096,2340,1330,163,73.4,667,89.57,106.14,9,3.63,94.7,11.59,2.29
Cedar Ridge Insurance,Personal Auto,12/31/2024,USD,NC,1234,1271,1406,789,93,71.5,376,90.4,101.94,20,3.17,97.53,12.5,6.97
Cedar Ridge Insurance,Personal Auto,12/31/2023,USD,NJ,550,567,633,359,44,73.3,180,89.57,106,21,3.8,95.9,14.35,2.46
Cedar Ridge Insurance,Personal Auto,12/31/2024,USD,NJ,2590,2668,2951,1657,194,71.5,797,90.41,102.24,24,2.78,95.65,10.99,5.75
Cedar Ridge Insurance,Personal Auto,12/31/2023,USD,NY,4747,4889,5459,3101,380,73.3,1521,89.56,105.37,18,3.6,95.41,14.54,2.64
Cedar Ridge Insurance,Personal Auto,12/31/2024,USD,NY,6721,6923,7656,4299,504,71.5,1992,90.43,101.1,27,3.52,95.01,13.57,9.33
Cedar Ridge Insurance,Personal Auto,12/31/2023,USD,OR,1363,1404,1568,890,109,73.3,444,89.54,105.87,28,3.69,94.77,14.5,2.29
Cedar Ridge Insurance,Personal Auto,12/31/2024,USD,OR,96,99,109,61,7,70.8,29,90.83,101.04,27,2.39,96.23,14.56,9.24
Cedar Ridge Insurance,Personal Auto,12/31/2023,USD,VA,2028,2089,2332,1325,162,73.3,644,89.58,105.08,16,2.19,96.82,10.67,2.21
Cedar Ridge Insurance,Personal Auto,12/31/2024,USD,VA,2280,2348,2596,1458,171,71.4,666,90.45,100.66,22,3.86,97.49,11.06,8.47
Cedar Ridge Insurance,Personal Auto,12/31/2023,USD,WA,8603,8861,9894,5621,688,73.3,2795,89.56,105.82,20,2.55,95.1,12.07,2.88
Cedar Ridge Insurance,Personal Auto,12/31/2024,USD,WA,87,90,100,56,7,72.4,26,90,102.3,21,2.92,95.83,13.2,8.86
Cedar Ridge Insurance,Workers Comp,12/31/2023,USD,CA,242,246,295,169,17,76.9,62,83.39,102.48,371,19.36,96.88,-1.47,0.78
Cedar Ridge Insurance,Workers Comp,12/31/2024,USD,CA,106,107,125,70,7,72.6,25,85.6,96.23,423,10.36,98.67,-1.47,0.44
Cedar Ridge Insurance,Workers Comp,12/31/2023,USD,FL,359,365,439,251,25,76.9,84,83.14,100.28,359,11.25,96.7,-1.47,0.76
Cedar Ridge Insurance,Workers Comp,12/31/2024,USD,FL,109,110,129,72,7,72.5,28,85.27,98.17,423,19.61,95.52,-1.47,0.21
Cedar Ridge Insurance,Workers Comp,12/31/2023,USD,MA,368,374,450,258,26,77.2,86,83.11,100.54,391,19.7,95.02,-1.47,1.58
Cedar Ridge Insurance,Workers Comp,12/31/2024,USD,MA,82,83,98,55,5,73.2,19,84.69,96.34,251,17.57,96.41,-1.47,0.2
Cedar Ridge Insurance,Workers Comp,12/31/2023,USD,MD,311,316,380,218,22,77.2,77,83.16,101.93,203,10.6,95.49,-1.47,0.63
Cedar Ridge Insurance,Workers Comp,12/31/2024,USD,MD,653,666,781,434,42,72.9,167,85.28,98.47,379,11.17,98.42,-1.47,0.33
Cedar Ridge Insurance,Workers Comp,12/31/2023,USD,NC,34,35,43,24,2,76.5,8,81.4,100,433,13.09,96.24,-1.47,1.33
Cedar Ridge Insurance,Workers Comp,12/31/2024,USD,NC,109,111,130,72,7,72.5,26,85.38,96.33,558,16.14,96.01,-1.47,0.36
Cedar Ridge Insurance,Workers Comp,12/31/2023,USD,NJ,639,651,783,447,45,77,162,83.14,102.35,393,18.52,96.34,-1.47,1.48
Cedar Ridge Insurance,Workers Comp,12/31/2024,USD,NJ,7,8,10,5,0,71.4,2,80,100,371,10.2,98.24,-1.47,0.46
Cedar Ridge Insurance,Workers Comp,12/31/2023,USD,NY,100,101,121,70,7,77,25,83.47,102,267,11.92,95.04,-1.47,1.71
Cedar Ridge Insurance,Workers Comp,12/31/2024,USD,NY,79,81,95,53,5,73.4,19,85.26,97.47,231,17.79,95.25,-1.47,0.44
Cedar Ridge Insurance,Workers Comp,12/31/2023,USD,OR,740,754,907,518,52,77,171,83.13,100.14,278,14.18,95.32,-1.47,0.64
Cedar Ridge Insurance,Workers Comp,12/31/2024,USD,OR,18,19,23,12,1,72.2,4,82.61,94.44,452,17.16,96.9,-1.47,0.37
Cedar Ridge Insurance,Workers Comp,12/31/2023,USD,VA,55,56,68,38,4,76.4,13,82.35,100,306,14.64,96.64,-1.47,1.34
Cedar Ridge Insurance,Workers Comp,12/31/2024,USD,VA,192,196,230,128,13,73.4,48,85.22,98.44,550,16.22,95.51,-1.47,0.48
Cedar Ridge Insurance,Workers Comp,12/31/2023,USD,WA,22,23,29,15,2,77.3,5,79.31,100,373,12.41,96.54,-1.47,0.24
Cedar Ridge Insurance,Workers Comp,12/31/2024,USD,WA,15,16,20,10,1,73.3,4,80,100,602,18.1,97.38,-1.47,0.08
Coastal Shield Insurance,Commercial Auto,12/31/2023,USD,CA,289,298,324,201,23,77.5,78,91.98,104.5,36,12.57,91.7,11.43,2.33
Coastal Shield Insurance,Commercial Auto,12/31/2024,USD,CA,335,345,362,220,22,72.2,86,95.3,97.91,24,7.07,91.39,8.24,5.92
Coastal Shield Insurance,Commercial Auto,12/31/2023,USD,FL,12,13,15,8,1,75,3,86.67,100,42,14.92,89.41,8.36,2.61
Coastal Shield Insurance,Commercial Auto,12/31/2024,USD,FL,216,222,233,142,14,72.2,61,95.28,100.46,21,13.94,91.63,8.1,5.76
Coastal Shield Insurance,Commercial Auto,12/31/2023,USD,MA,157,162,177,109,13,77.7,43,91.53,105.1,35,8.8,90.22,10.48,2.59
Coastal Shield Insurance,Commercial Auto,12/31/2024,USD,MA,780,803,844,513,51,72.3,214,95.14,99.74,26,14.32,94.16,10.82,7.26
Coastal Shield Insurance,Commercial Auto,12/31/2023,USD,MD,9,10,12,6,1,77.8,2,83.33,100,34,8.92,91.24,9.48,2.83
Coastal Shield Insurance,Commercial Auto,12/31/2024,USD,MD,509,524,551,335,33,72.3,108,95.1,93.52,23,6.41,94.26,10.19,5
Coastal Shield Insurance,Commercial Auto,12/31/2023,USD,NC,37,38,42,26,3,78.4,11,90.48,108.11,40,9.73,93.34,11.91,2.72
Coastal Shield Insurance,Commercial Auto,12/31/2024,USD,NC,488,503,529,321,32,72.3,117,95.09,96.31,24,5.69,91.51,9.71,8.07
Coastal Shield Insurance,Commercial Auto,12/31/2023,USD,NJ,6,7,9,4,0,66.7,1,77.78,83.33,32,7.38,92.26,8.92,2.83
Coastal Shield Insurance,Commercial Auto,12/31/2024,USD,NJ,49,50,53,32,3,71.4,12,94.34,95.92,25,6.55,92.59,11.61,6.21
Coastal Shield Insurance,Commercial Auto,12/31/2023,USD,NY,133,137,149,92,11,77.4,35,91.95,103.76,34,6.58,89.06,8.99,2.65
Coastal Shield Insurance,Commercial Auto,12/31/2024,USD,NY,298,307,323,196,19,72.1,88,95.05,101.68,23,11.22,91.25,10.45,7.4
Coastal Shield Insurance,Commercial Auto,12/31/2023,USD,OR,101,104,113,70,8,77.2,23,92.04,100,43,10.37,92.01,9.77,2.42
Coastal Shield Insurance,Commercial Auto,12/31/2024,USD,OR,754,777,817,496,49,72.3,221,95.1,101.59,23,6.47,90,9.41,5
Coastal Shield Insurance,Commercial Auto,12/31/2023,USD,VA,189,195,212,131,15,77.2,38,91.98,97.35,37,7.48,90.24,9,2.44
Coastal Shield Insurance,Commercial Auto,12/31/2024,USD,VA,28,29,31,18,2,71.4,7,93.55,96.43,25,13.32,93.75,9.52,5.77
Coastal Shield Insurance,Commercial Auto,12/31/2023,USD,WA,75,77,84,52,6,77.3,20,91.67,104,38,11.49,92.81,10.52,2.33
Coastal Shield Insurance,Commercial Auto,12/31/2024,USD,WA,327,337,354,215,21,72.2,69,95.2,93.27,19,13.08,91.25,10.27,7.94
Coastal Shield Insurance,Homeowners,12/31/2023,USD,CA,422,430,434,283,36,75.6,152,99.08,111.61,19,0.27,94.31,10.2,1.36
Coastal Shield Insurance,Homeowners,12/31/2024,USD,CA,189,193,195,123,12,71.4,62,98.97,104.23,24,0.44,95.34,13.6,4.03
Coastal Shield Insurance,Homeowners,12/31/2023,USD,FL,672,685,692,450,57,75.4,242,98.99,111.46,21,0.85,95.08,12.89,1.02
Coastal Shield Insurance,Homeowners,12/31/2024,USD,FL,219,223,225,143,14,71.7,75,99.11,105.94,25,0.4,95.6,10.95,2.47
Coastal Shield Insurance,Homeowners,12/31/2023,USD,MA,10,11,12,7,1,80,4,91.67,120,17,0.75,94.37,14.52,1.05
Coastal Shield Insurance,Homeowners,12/31/2024,USD,MA,9,10,11,6,1,77.8,3,90.91,111.11,25,0.35,96.54,12.97,4.83
Coastal Shield Insurance,Homeowners,12/31/2023,USD,MD,2715,2769,2797,1818,231,75.5,977,99,111.45,21,0.61,96.89,12.9,1.56
Coastal Shield Insurance,Homeowners,12/31/2024,USD,MD,54,55,56,35,3,70.4,19,98.21,105.56,19,0.49,97.09,11.14,4.13
Coastal Shield Insurance,Homeowners,12/31/2023,USD,NC,1720,1754,1772,1152,146,75.5,619,98.98,111.45,23,0.73,95.53,13.38,2
Coastal Shield Insurance,Homeowners,12/31/2024,USD,NC,27,28,29,18,2,74.1,10,96.55,111.11,25,0.42,95.58,14.39,2.71
Coastal Shield Insurance,Homeowners,12/31/2023,USD,NJ,2560,2611,2637,1714,218,75.5,922,99.01,111.48,28,0.76,96.22,13.7,2
Coastal Shield Insurance,Homeowners,12/31/2024,USD,NJ,35,36,37,23,2,71.4,13,97.3,108.57,30,0.5,96.45,14.69,2.48
Coastal Shield Insurance,Homeowners,12/31/2023,USD,NY,1716,1750,1768,1149,146,75.5,618,98.98,111.48,22,0.82,96.61,10.86,1.38
Coastal Shield Insurance,Homeowners,12/31/2024,USD,NY,131,134,135,85,8,71,45,99.26,105.34,16,0.4,96.8,12.45,4.81
Coastal Shield Insurance,Homeowners,12/31/2023,USD,OR,2538,2589,2615,1700,216,75.5,914,99.01,111.51,20,0.36,96.96,13.67,1.48
Coastal Shield Insurance,Homeowners,12/31/2024,USD,OR,212,216,218,138,14,71.7,76,99.08,107.55,20,0.73,95.81,15,3.87
Coastal Shield Insurance,Homeowners,12/31/2023,USD,VA,35,36,37,23,3,74.3,13,97.3,111.43,23,0.65,94.69,14.26,1.08
Coastal Shield Insurance,Homeowners,12/31/2024,USD,VA,24,25,26,16,2,75,8,96.15,108.33,20,0.86,96.25,15,4.67
Coastal Shield Insurance,Homeowners,12/31/2023,USD,WA,364,371,375,244,31,75.5,131,98.93,111.54,21,0.26,96.46,15,1.53
Coastal Shield Insurance,Homeowners,12/31/2024,USD,WA,5,6,7,3,0,60,2,85.71,100,20,0.56,95.33,11.27,2.22
Coastal Shield Insurance,Personal Auto,12/31/2023,USD,CA,3038,3129,3493,1985,243,73.3,992,89.58,105.99,20,3.31,95.6,13.64,3
Coastal Shield Insurance,Personal Auto,12/31/2024,USD,CA,8750,9012,9966,5597,656,71.5,2677,90.43,102.06,25,3.49,97.2,11.3,6.62
Coastal Shield Insurance,Personal Auto,12/31/2023,USD,FL,406,418,466,265,32,73.2,128,89.7,104.68,15,3.65,95.2,11.68,2.46
Coastal Shield Insurance,Personal Auto,12/31/2024,USD,FL,1274,1312,1451,815,96,71.5,383,90.42,101.57,17,3.66,95.07,10.01,8.31
Coastal Shield Insurance,Personal Auto,12/31/2023,USD,MA,311,320,357,203,25,73.3,100,89.64,105.47,21,2.06,94.56,13.47,2.38
Coastal Shield Insurance,Personal Auto,12/31/2024,USD,MA,23,24,27,15,2,73.9,7,88.89,104.35,18,3.99,96.12,13.92,5.07
Coastal Shield Insurance,Personal Auto,12/31/2023,USD,MD,1526,1572,1755,997,122,73.3,491,89.57,105.5,16,3.04,96.15,11.34,2.12
Coastal Shield Insurance,Personal Auto,12/31/2024,USD,MD,144,148,163,92,11,71.5,43,90.8,101.39,17,2.4,96.69,11.94,6.09
Coastal Shield Insurance,Personal Auto,12/31/2023,USD,NC,482,496,554,315,39,73.4,153,89.53,105.19,23,3.32,95.37,11.71,2.03
Coastal Shield Insurance,Personal Auto,12/31/2024,USD,NC,1252,1290,1427,801,94,71.5,374,90.4,101.36,22,2.55,95.56,14.54,10
Coastal Shield Insurance,Personal Auto,12/31/2023,USD,NJ,1293,1332,1487,845,103,73.3,418,89.58,105.65,19,2.21,94.12,14.16,2.41
Coastal Shield Insurance,Personal Auto,12/31/2024,USD,NJ,1164,1199,1326,745,87,71.5,358,90.42,102.23,17,2.48,97.59,12.74,8.57
Coastal Shield Insurance,Personal Auto,12/31/2023,USD,NY,1806,1860,2077,1180,144,73.3,576,89.55,105.2,14,2.95,96.87,11.25,2.96
Coastal Shield Insurance,Personal Auto,12/31/2024,USD,NY,4729,4871,5387,3025,355,71.5,1395,90.42,100.97,23,2.47,95.61,10.91,6.23
Coastal Shield Insurance,Personal Auto,12/31/2023,USD,OR,1335,1375,1535,872,107,73.3,420,89.58,104.79,17,3.92,96.6,14.85,2.73
Coastal Shield Insurance,Personal Auto,12/31/2024,USD,OR,127,131,144,81,10,71.7,39,90.97,102.36,18,3.19,97.83,12.06,5.59
Coastal Shield Insurance,Personal Auto,12/31/2023,USD,VA,332,342,381,217,27,73.5,108,89.76,106.02,14,3.4,96.18,11.56,2.38
Coastal Shield Insurance,Personal Auto,12/31/2024,USD,VA,954,983,1087,610,72,71.5,279,90.43,100.73,17,3.99,95.71,10.97,9.83
Coastal Shield Insurance,Personal Auto,12/31/2023,USD,WA,6,7,9,4,0,66.7,2,77.78,100,15,2.6,96.62,10.22,2.98
Coastal Shield Insurance,Personal Auto,12/31/2024,USD,WA,1672,1722,1904,1070,125,71.5,505,90.44,101.67,13,3.97,97.91,14.14,5.66
Coastal Shield Insurance,Workers Comp,12/31/2023,USD,CA,473,481,578,331,33,77,111,83.22,100.42,481,17.54,94.45,-1.47,0.21
Coastal Shield Insurance,Workers Comp,12/31/2024,USD,CA,50,51,60,33,3,72,13,85,98,628,10.97,98.05,-1.47,0.47
Coastal Shield Insurance,Workers Comp,12/31/2023,USD,FL,387,394,474,271,27,77,93,83.12,101.03,521,18.38,95.93,-1.47,0.84
Coastal Shield Insurance,Workers Comp,12/31/2024,USD,FL,123,125,146,82,8,73.2,29,85.62,96.75,397,12.72,98.74,-1.47,0.02
Coastal Shield Insurance,Workers Comp,12/31/2023,USD,MA,1251,1275,1533,876,88,77.1,322,83.17,102.8,143,19.09,97.75,-1.47,0.01
Coastal Shield Insurance,Workers Comp,12/31/2024,USD,MA,179,183,215,119,12,73.2,42,85.12,96.65,425,14.35,99,-1.47,0.29
Coastal Shield Insurance,Workers Comp,12/31/2023,USD,MD,297,302,363,208,21,77.1,71,83.2,101.01,264,13.21,94.09,-1.47,1.79
Coastal Shield Insurance,Workers Comp,12/31/2024,USD,MD,48,49,58,32,3,72.9,11,84.48,95.83,262,10.48,97.56,-1.47,0.04
Coastal Shield Insurance,Workers Comp,12/31/2023,USD,NC,345,352,424,241,24,76.8,81,83.02,100.29,184,15.3,97.37,-1.47,1.88
Coastal Shield Insurance,Workers Comp,12/31/2024,USD,NC,83,85,100,55,5,72.3,19,85,95.18,424,13.66,98.08,-1.47,0.26
Coastal Shield Insurance,Workers Comp,12/31/2023,USD,NJ,265,270,325,185,19,77,61,83.08,100,182,12.17,94.55,-1.47,0
Coastal Shield Insurance,Workers Comp,12/31/2024,USD,NJ,3,4,6,2,0,66.7,1,66.67,100,755,12.3,97.04,-1.47,0.17
Coastal Shield Insurance,Workers Comp,12/31/2023,USD,NY,501,511,614,351,35,77,116,83.22,100.2,95,12.59,96.1,-1.47,1.71
Coastal Shield Insurance,Workers Comp,12/31/2024,USD,NY,218,222,260,145,14,72.9,54,85.38,97.71,588,13.86,98.76,-1.47,0.01
Coastal Shield Insurance,Workers Comp,12/31/2023,USD,OR,1005,1025,1232,704,70,77,252,83.2,102.09,76,12.05,95.6,-1.47,0.99
Coastal Shield Insurance,Workers Comp,12/31/2024,USD,OR,44,45,53,29,3,72.7,11,84.91,97.73,684,14.08,97.8,-1.47,0.33
Coastal Shield Insurance,Workers Comp,12/31/2023,USD,VA,1012,1032,1240,708,71,77,242,83.23,100.89,174,19.38,94,-1.47,1.34
Coastal Shield Insurance,Workers Comp,12/31/2024,USD,VA,78,80,94,52,5,73.1,19,85.11,97.44,220,18.82,98.59,-1.47,0.35
Coastal Shield Insurance,Workers Comp,12/31/2023,USD,WA,653,666,801,457,46,77,167,83.15,102.6,71,18.83,97.72,-1.47,1.73
Coastal Shield Insurance,Workers Comp,12/31/2024,USD,WA,23,24,29,15,2,73.9,6,82.76,100,237,12.83,95.89,-1.47,0.09
Crescent National,Commercial Auto,12/31/2023,USD,CA,58,60,66,40,5,77.6,12,90.91,98.28,40,9.12,93.11,9.66,2.46
Crescent National,Commercial Auto,12/31/2024,USD,CA,103,106,111,68,7,72.8,22,95.5,94.17,27,13.71,92.04,10.75,6.28
Crescent National,Commercial Auto,12/31/2023,USD,FL,654,674,733,455,52,77.5,146,91.95,99.85,40,13.98,91.89,8.93,2.09
Crescent National,Commercial Auto,12/31/2024,USD,FL,615,633,665,405,40,72.4,138,95.19,94.8,22,10.69,92.16,10.04,5.84
Crescent National,Commercial Auto,12/31/2023,USD,MA,16,17,19,11,1,75,4,89.47,100,37,12.67,92.07,10.08,2.42
Crescent National,Commercial Auto,12/31/2024,USD,MA,58,60,63,38,4,72.4,14,95.24,96.55,18,14.65,91.03,9.76,5.88
Crescent National,Commercial Auto,12/31/2023,USD,MD,88,91,99,61,7,77.3,18,91.92,97.73,31,8.22,90.86,11.5,2.37
Crescent National,Commercial Auto,12/31/2024,USD,MD,557,574,604,367,36,72.4,132,95.03,96.05,20,5.83,90.33,10.71,6.15
Crescent National,Commercial Auto,12/31/2023,USD,NC,363,374,407,252,29,77.4,92,91.89,102.75,35,13.36,91.32,11.26,2.02
Crescent National,Commercial Auto,12/31/2024,USD,NC,249,256,270,164,16,72.3,52,94.81,93.17,21,9.27,91.91,10.62,7.83
Crescent National,Commercial Auto,12/31/2023,USD,NJ,299,308,335,208,24,77.6,85,91.94,106.02,36,13.64,93.1,10.03,2.29
Crescent National,Commercial Auto,12/31/2024,USD,NJ,359,370,389,236,23,72.1,74,95.12,92.76,17,7.9,94.69,11.03,5.47
Crescent National,Commercial Auto,12/31/2023,USD,NY,445,458,499,309,36,77.5,130,91.78,106.74,41,8.7,92.56,9.14,2.79
Crescent National,Commercial Auto,12/31/2024,USD,NY,1324,1364,1434,871,86,72.3,278,95.12,93.28,24,14.62,92.95,8,6.76
Crescent National,Commercial Auto,12/31/2023,USD,OR,19,20,23,13,1,73.7,5,86.96,100,42,7.77,91.58,8.52,2.61
Crescent National,Commercial Auto,12/31/2024,USD,OR,14,15,17,9,1,71.4,4,88.24,100,22,11.02,91.85,10.79,8.23
Crescent National,Commercial Auto,12/31/2023,USD,VA,180,185,201,125,14,77.2,54,92.04,107.22,34,12.17,90.49,11.63,2.79
Crescent National,Commercial Auto,12/31/2024,USD,VA,899,926,973,592,58,72.3,252,95.17,100.33,21,13.37,90.28,9.79,7.7
Crescent National,Commercial Auto,12/31/2023,USD,WA,277,285,310,193,22,77.6,77,91.94,105.42,37,6.43,89.24,10.81,2.54
Crescent National,Commercial Auto,12/31/2024,USD,WA,35,36,38,23,2,71.4,9,94.74,97.14,21,6.89,92.94,8,7.73
Crescent National,Homeowners,12/31/2023,USD,CA,2651,2704,2731,1775,225,75.4,954,99.01,111.43,25,0.65,96.74,12.43,1.62
Crescent National,Homeowners,12/31/2024,USD,CA,1244,1269,1282,812,81,71.8,447,98.99,107.72,29,0.66,95.78,12.29,4.93
Crescent National,Homeowners,12/31/2023,USD,FL,4018,4098,4139,2691,342,75.5,1446,99.01,111.47,21,0.31,94.18,12.03,1.22
Crescent National,Homeowners,12/31/2024,USD,FL,220,224,226,144,14,71.8,72,99.12,104.55,19,0.8,96.39,13.15,3.46
Crescent National,Homeowners,12/31/2023,USD,MA,545,556,562,365,46,75.4,196,98.93,111.38,23,0.59,96.25,13.98,1.6
Crescent National,Homeowners,12/31/2024,USD,MA,705,719,726,460,46,71.8,244,99.04,106.38,25,0.9,98,10.64,4.06
Crescent National,Homeowners,12/31/2023,USD,MD,1919,1957,1977,1285,163,75.5,691,98.99,111.46,21,0.58,95,12.88,1.89
Crescent National,Homeowners,12/31/2024,USD,MD,225,230,232,147,15,72,78,99.14,106.67,22,0.6,98,12.14,3.13
Crescent National,Homeowners,12/31/2023,USD,NC,188,192,194,126,16,75.5,68,98.97,111.7,23,0.51,96.07,11.4,1.01
Crescent National,Homeowners,12/31/2024,USD,NC,41,42,43,27,3,73.2,15,97.67,109.76,22,0.83,98,11.58,2.23
Crescent National,Homeowners,12/31/2023,USD,NJ,31,32,33,21,3,77.4,11,96.97,112.9,22,0.53,95.54,11.07,1.22
Crescent National,Homeowners,12/31/2024,USD,NJ,131,134,135,85,9,71.8,45,99.26,106.11,24,0.85,96.34,14.91,5
Crescent National,Homeowners,12/31/2023,USD,NY,4339,4426,4470,2906,369,75.5,1562,99.02,111.48,24,0.73,95.12,10.96,1.24
Crescent National,Homeowners,12/31/2024,USD,NY,391,399,403,255,25,71.6,133,99.01,105.63,25,0.76,95.35,12.38,5
Crescent National,Homeowners,12/31/2023,USD,OR,3113,3175,3207,2085,265,75.5,1121,99,111.5,18,0.73,94.37,12.58,1.09
Crescent National,Homeowners,12/31/2024,USD,OR,178,182,184,116,12,71.9,63,98.91,107.3,23,0.5,96.1,14.29,3.04
Crescent National,Homeowners,12/31/2023,USD,VA,5034,5135,5186,3371,428,75.5,1812,99.02,111.46,21,0.54,94.3,10.77,1.13
Crescent National,Homeowners,12/31/2024,USD,VA,449,458,463,293,29,71.7,150,98.92,105.12,23,0.28,95.92,11.99,4.93
Crescent National,Homeowners,12/31/2023,USD,WA,2319,2365,2389,1553,197,75.5,835,99,111.47,23,0.63,94.42,10.17,1.63
Crescent National,Homeowners,12/31/2024,USD,WA,110,112,113,72,7,71.8,36,99.12,104.55,24,0.23,95.16,10.74,2.44
Crescent National,Personal Auto,12/31/2023,USD,CA,2813,2897,3235,1838,225,73.3,899,89.55,105.3,19,3.75,96.63,11.58,2.44
Crescent National,Personal Auto,12/31/2024,USD,CA,919,947,1047,588,69,71.5,274,90.45,101.31,25,3.02,96.83,13.38,6.53
Crescent National,Personal Auto,12/31/2023,USD,FL,3171,3266,3647,2072,254,73.4,998,89.55,104.82,18,2.75,95.04,11.07,2.3
Crescent National,Personal Auto,12/31/2024,USD,FL,2989,3079,3405,1912,224,71.5,889,90.43,101.2,16,3.32,95.22,11.79,6
Crescent National,Personal Auto,12/31/2023,USD,MA,571,588,657,373,46,73.4,181,89.5,105.08,14,3.69,95.81,12.48,2.45
Crescent National,Personal Auto,12/31/2024,USD,MA,62,64,71,40,5,72.6,18,90.14,101.61,20,3.7,95.2,12.53,5.3
Crescent National,Personal Auto,12/31/2023,USD,MD,278,286,319,182,22,73.4,88,89.66,105.04,22,2.67,95.76,10.76,2.24
Crescent National,Personal Auto,12/31/2024,USD,MD,908,935,1034,581,68,71.5,276,90.43,101.87,11,3.84,95.21,13.27,6.62
Crescent National,Personal Auto,12/31/2023,USD,NC,4123,4247,4741,2694,330,73.3,1303,89.58,104.95,19,3.23,94.72,13.32,2.89
Crescent National,Personal Auto,12/31/2024,USD,NC,2387,2459,2720,1527,179,71.5,738,90.4,102.39,19,2.41,96.59,13.7,9.89
Crescent National,Personal Auto,12/31/2023,USD,NJ,2854,2940,3282,1865,228,73.3,937,89.58,106.17,18,2.76,94.9,14.34,2.37
Crescent National,Personal Auto,12/31/2024,USD,NJ,3208,3304,3654,2052,241,71.5,961,90.42,101.43,15,3.15,97.54,10.26,6.68
Crescent National,Personal Auto,12/31/2023,USD,NY,1777,1830,2043,1161,142,73.3,563,89.57,105.01,17,2.59,94.31,12.03,2.68
Crescent National,Personal Auto,12/31/2024,USD,NY,966,995,1100,618,72,71.4,290,90.45,101.45,22,3.58,96.21,10.33,7.32
Crescent National,Personal Auto,12/31/2023,USD,OR,2873,2959,3304,1877,230,73.3,939,89.56,106.02,15,3.81,95.84,10.91,2.41
Crescent National,Personal Auto,12/31/2024,USD,OR,1179,1214,1342,754,88,71.4,357,90.46,101.7,15,2.65,96.3,10.54,8.84
Crescent National,Personal Auto,12/31/2023,USD,VA,1219,1256,1403,796,98,73.3,398,89.52,105.99,26,2.53,96.27,11.88,2.91
Crescent National,Personal Auto,12/31/2024,USD,VA,1439,1482,1639,921,108,71.5,433,90.42,101.6,20,2.76,96.72,11.78,8.13
Crescent National,Personal Auto,12/31/2023,USD,WA,523,539,601,342,42,73.4,169,89.68,105.74,27,2.27,96.27,14.09,2.67
Crescent National,Personal Auto,12/31/2024,USD,WA,1428,1471,1627,913,107,71.4,422,90.41,100.98,10,3.98,96.64,12.24,8.86
Crescent National,Workers Comp,12/31/2023,USD,CA,1334,1361,1637,934,93,77,336,83.14,102.17,138,17.45,95.69,-1.47,1.04
Crescent National,Workers Comp,12/31/2024,USD,CA,365,372,437,243,24,73.2,86,85.13,96.71,538,19.01,97.09,-1.47,0.35
Crescent National,Workers Comp,12/31/2023,USD,FL,54,55,67,38,4,77.8,14,82.09,103.7,427,15.11,97.75,-1.47,0.19
Crescent National,Workers Comp,12/31/2024,USD,FL,345,352,413,229,22,72.8,88,85.23,98.26,594,14.08,97.84,-1.47,0.09
Crescent National,Workers Comp,12/31/2023,USD,MA,473,482,580,331,33,77,111,83.1,100.42,173,14.43,94.9,-1.47,0
Crescent National,Workers Comp,12/31/2024,USD,MA,373,380,446,248,24,72.9,93,85.2,97.86,601,12.61,95.7,-1.47,0.07
Crescent National,Workers Comp,12/31/2023,USD,MD,313,319,383,219,22,77,73,83.29,100.32,123,15.03,97.49,-1.47,0.93
Crescent National,Workers Comp,12/31/2024,USD,MD,173,176,207,115,11,72.8,44,85.02,98.27,731,14.78,95.64,-1.47,0.07
Crescent National,Workers Comp,12/31/2023,USD,NC,169,172,207,118,12,76.9,39,83.09,100,362,15.44,97.86,-1.47,1.92
Crescent National,Workers Comp,12/31/2024,USD,NC,422,430,504,281,27,73,109,85.32,98.82,354,14.19,98.73,-1.47,0.26
Crescent National,Workers Comp,12/31/2023,USD,NJ,410,418,502,287,29,77.1,96,83.27,100.49,393,14.75,96.25,-1.47,1.12
Crescent National,Workers Comp,12/31/2024,USD,NJ,5,6,8,3,0,60,1,75,80,294,12.13,96.64,-1.47,0.38
Crescent National,Workers Comp,12/31/2023,USD,NY,331,338,406,232,23,77,84,83.25,102.42,385,12.17,94.93,-1.47,0.62
Crescent National,Workers Comp,12/31/2024,USD,NY,230,235,275,153,15,73,57,85.45,97.83,338,15.1,95.59,-1.47,0.3
Crescent National,Workers Comp,12/31/2023,USD,OR,104,106,127,73,7,76.9,26,83.46,101.92,334,11.09,96.58,-1.47,0.08
Crescent National,Workers Comp,12/31/2024,USD,OR,14,15,19,9,1,71.4,4,78.95,100,745,11.68,96.37,-1.47,0.43
Crescent National,Workers Comp,12/31/2023,USD,VA,116,118,142,81,8,76.7,30,83.1,102.59,518,19.96,96.16,-1.47,1.79
Crescent National,Workers Comp,12/31/2024,USD,VA,37,38,45,25,2,73,9,84.44,97.3,636,13.44,96.45,-1.47,0.32
Crescent National,Workers Comp,12/31/2023,USD,WA,512,522,627,358,36,77,127,83.25,101.76,146,14.9,97.6,-1.47,0.58
Crescent National,Workers Comp,12/31/2024,USD,WA,103,105,123,68,7,72.8,24,85.37,96.12,689,14.63,97.12,-1.47,0.38
HarborPoint Casualty,Commercial Auto,12/31/2023,USD,CA,545,561,611,379,44,77.6,143,91.82,103.85,43,7.15,89.97,10.15,2.83
HarborPoint Casualty,Commercial Auto,12/31/2024,USD,CA,242,249,261,159,16,72.3,53,95.4,94.21,19,15,90.36,10.53,6.21
HarborPoint Casualty,Commercial Auto,12/31/2023,USD,FL,761,784,853,529,61,77.5,195,91.91,103.15,38,5.18,89.98,11.34,2.76
HarborPoint Casualty,Commercial Auto,12/31/2024,USD,FL,714,735,772,470,46,72.3,184,95.21,98.04,22,10.57,92.65,10.74,9.65
HarborPoint Casualty,Commercial Auto,12/31/2023,USD,MA,9,10,12,6,1,77.8,2,83.33,100,40,13.12,91.01,8.42,2.06
HarborPoint Casualty,Commercial Auto,12/31/2024,USD,MA,323,333,350,213,21,72.4,81,95.14,97.52,27,10.44,93.54,10.15,6.82
HarborPoint Casualty,Commercial Auto,12/31/2023,USD,MD,57,59,65,40,5,78.9,16,90.77,107.02,39,12.23,93.67,10.44,2.96
HarborPoint Casualty,Commercial Auto,12/31/2024,USD,MD,1,2,3,1,0,100,0,66.67,100,21,13.99,92.15,10.88,6.15
HarborPoint Casualty,Commercial Auto,12/31/2023,USD,NC,361,372,405,251,29,77.6,90,91.85,102.49,39,12.23,91.43,8.86,2.02
HarborPoint Casualty,Commercial Auto,12/31/2024,USD,NC,118,122,128,78,8,72.9,31,95.31,99.15,22,8.85,91.2,8.89,9.46
HarborPoint Casualty,Commercial Auto,12/31/2023,USD,NJ,176,181,197,122,14,77.3,52,91.88,106.82,36,13.15,90.15,8.28,2.54
HarborPoint Casualty,Commercial Auto,12/31/2024,USD,NJ,144,148,155,95,9,72.2,31,95.48,93.75,23,9.06,90.14,8.43,8.19
HarborPoint Casualty,Commercial Auto,12/31/2023,USD,NY,336,346,376,234,27,77.7,71,92.02,98.81,34,9.13,89.32,9.81,2.79
HarborPoint Casualty,Commercial Auto,12/31/2024,USD,NY,416,428,450,274,27,72.4,87,95.11,93.27,21,10.46,90.21,9.18,7.68
HarborPoint Casualty,Commercial Auto,12/31/2023,USD,OR,157,162,177,109,13,77.7,42,91.53,104.46,39,10.83,90.46,9.39,2.37
HarborPoint Casualty,Commercial Auto,12/31/2024,USD,OR,161,166,175,106,10,72,39,94.86,96.27,21,6.45,92.17,9.42,9.09
HarborPoint Casualty,Commercial Auto,12/31/2023,USD,VA,423,436,474,294,34,77.5,117,91.98,105.2,41,6.3,93.19,11.64,2.63
HarborPoint Casualty,Commercial Auto,12/31/2024,USD,VA,262,270,284,172,17,72.1,70,95.07,98.85,22,8.72,94.48,10.44,5
HarborPoint Casualty,Commercial Auto,12/31/2023,USD,WA,106,109,118,74,8,77.4,25,92.37,100.94,33,5.93,91.04,9.11,2.34
HarborPoint Casualty,Commercial Auto,12/31/2024,USD,WA,347,357,376,228,23,72.3,101,94.95,101.44,19,6.74,91.18,11.12,9.1
HarborPoint Casualty,Homeowners,12/31/2023,USD,CA,1060,1081,1092,710,90,75.5,382,98.99,111.51,28,0.84,96.12,10.72,1.11
HarborPoint Casualty,Homeowners,12/31/2024,USD,CA,182,186,188,119,12,72,65,98.94,107.69,26,0.53,95.45,14.5,2.47
HarborPoint Casualty,Homeowners,12/31/2023,USD,FL,3836,3913,3952,2569,326,75.5,1381,99.01,111.47,25,0.26,95.13,14.71,1.71
HarborPoint Casualty,Homeowners,12/31/2024,USD,FL,838,855,864,547,54,71.7,279,98.96,105.01,27,0.55,96.43,10.25,2.1
HarborPoint Casualty,Homeowners,12/31/2023,USD,MA,530,541,546,355,45,75.5,191,99.08,111.51,21,0.28,94.77,10.49,1.88
HarborPoint Casualty,Homeowners,12/31/2024,USD,MA,517,527,532,337,34,71.8,175,99.06,105.61,26,0.46,96.19,10.83,3.08
HarborPoint Casualty,Homeowners,12/31/2023,USD,MD,997,1017,1027,668,85,75.5,359,99.03,111.53,28,0.24,95.98,10.39,1.92
HarborPoint Casualty,Homeowners,12/31/2024,USD,MD,262,267,270,171,17,71.8,88,98.89,105.34,22,0.58,95.7,12.23,2.16
HarborPoint Casualty,Homeowners,12/31/2023,USD,NC,49,50,51,33,4,75.5,18,98.04,112.24,23,0.66,96.07,12.46,1.66
HarborPoint Casualty,Homeowners,12/31/2024,USD,NC,1125,1148,1159,734,73,71.7,369,99.05,104.53,25,0.58,97.35,13.83,3.21
HarborPoint Casualty,Homeowners,12/31/2023,USD,NJ,593,605,611,397,50,75.4,213,99.02,111.3,25,0.44,95.59,11.27,1.21
HarborPoint Casualty,Homeowners,12/31/2024,USD,NJ,1619,1651,1668,1057,105,71.8,530,98.98,104.51,24,0.82,96.26,11.92,2.26
HarborPoint Casualty,Homeowners,12/31/2023,USD,NY,4958,5057,5108,3320,421,75.5,1785,99,111.46,26,0.72,96.7,14.94,1.08
HarborPoint Casualty,Homeowners,12/31/2024,USD,NY,902,920,929,589,59,71.8,331,99.03,108.54,26,0.27,97.73,10.54,4.23
HarborPoint Casualty,Homeowners,12/31/2023,USD,OR,705,719,726,472,60,75.5,254,99.04,111.49,28,0.61,95.23,14.84,1.29
HarborPoint Casualty,Homeowners,12/31/2024,USD,OR,171,174,176,112,11,71.9,58,98.86,105.85,21,0.38,95.84,11.63,4.42
HarborPoint Casualty,Homeowners,12/31/2023,USD,VA,1051,1072,1083,704,89,75.5,378,98.98,111.42,23,0.39,96.37,12.08,1.99
HarborPoint Casualty,Homeowners,12/31/2024,USD,VA,880,898,907,574,57,71.7,298,99.01,105.57,28,0.75,96.76,11.6,4.17
HarborPoint Casualty,Homeowners,12/31/2023,USD,WA,669,682,689,448,57,75.5,241,98.98,111.51,27,0.84,94.17,12.52,1.95
HarborPoint Casualty,Homeowners,12/31/2024,USD,WA,673,687,694,439,44,71.8,240,98.99,107.43,24,0.81,95.77,10.36,2.57
HarborPoint Casualty,Personal Auto,12/31/2023,USD,CA,540,556,621,353,43,73.3,173,89.53,105.37,24,2.73,94.99,13.08,2.46
HarborPoint Casualty,Personal Auto,12/31/2024,USD,CA,2995,3085,3412,1916,225,71.5,925,90.42,102.37,24,3.99,96.99,10.4,8.48
HarborPoint Casualty,Personal Auto,12/31/2023,USD,FL,2567,2644,2952,1677,205,73.3,836,89.57,105.88,27,3.5,94.66,10.56,2.13
HarborPoint Casualty,Personal Auto,12/31/2024,USD,FL,718,740,818,459,54,71.4,215,90.46,101.39,15,3.83,96.22,11.86,8.05
HarborPoint Casualty,Personal Auto,12/31/2023,USD,MA,431,444,495,282,34,73.3,137,89.7,105.1,19,3.66,95.41,12.77,2.91
HarborPoint Casualty,Personal Auto,12/31/2024,USD,MA,949,978,1082,607,71,71.4,294,90.39,102.42,14,3.6,97.18,12.37,8.28
HarborPoint Casualty,Personal Auto,12/31/2023,USD,MD,86,89,99,56,7,73.3,28,89.9,105.81,23,4,95.57,12.32,2.54
HarborPoint Casualty,Personal Auto,12/31/2024,USD,MD,118,122,135,76,9,72,36,90.37,102.54,29,2.5,98,10.48,9.21
HarborPoint Casualty,Personal Auto,12/31/2023,USD,NC,965,994,1110,630,77,73.3,301,89.55,104.46,10,2.57,96.78,11.82,2.36
HarborPoint Casualty,Personal Auto,12/31/2024,USD,NC,1592,1640,1813,1018,119,71.4,489,90.46,102.14,19,2.64,96.04,14.82,8.92
HarborPoint Casualty,Personal Auto,12/31/2023,USD,NJ,1472,1516,1692,962,118,73.4,475,89.6,105.64,22,2.85,96.54,10.64,2.9
HarborPoint Casualty,Personal Auto,12/31/2024,USD,NJ,1780,1833,2027,1139,134,71.5,521,90.43,100.79,17,3.07,95.01,12.94,9.25
HarborPoint Casualty,Personal Auto,12/31/2023,USD,NY,721,743,829,471,58,73.4,232,89.63,105.55,21,2.27,96.68,15,2.08
HarborPoint Casualty,Personal Auto,12/31/2024,USD,NY,7125,7339,8116,4558,534,71.5,2164,90.43,101.84,11,3.07,95.39,11.89,5.92
HarborPoint Casualty,Personal Auto,12/31/2023,USD,OR,265,273,305,173,21,73.2,82,89.51,104.15,9,3.12,96.46,11.02,2.32
HarborPoint Casualty,Personal Auto,12/31/2024,USD,OR,728,750,830,466,55,71.6,218,90.36,101.51,20,2.99,96.53,12.59,8.47
HarborPoint Casualty,Personal Auto,12/31/2023,USD,VA,843,868,969,551,67,73.3,275,89.58,105.93,17,4,96.78,10.88,2.56
HarborPoint Casualty,Personal Auto,12/31/2024,USD,VA,344,354,392,220,26,71.5,102,90.31,101.16,22,3.28,95.95,11.13,8.79
HarborPoint Casualty,Personal Auto,12/31/2023,USD,WA,883,910,1016,577,71,73.4,282,89.57,105.32,27,3.47,95.48,10.68,2.32
HarborPoint Casualty,Personal Auto,12/31/2024,USD,WA,646,665,736,413,48,71.4,193,90.35,101.24,19,2.76,97.76,14.26,6.46
HarborPoint Casualty,Workers Comp,12/31/2023,USD,CA,63,64,77,44,4,76.2,15,83.12,100,258,19.49,95.67,-1.47,1.42
HarborPoint Casualty,Workers Comp,12/31/2024,USD,CA,22,23,28,15,1,72.7,6,82.14,100,165,13.64,98.58,-1.47,0.48
HarborPoint Casualty,Workers Comp,12/31/2023,USD,FL,98,100,120,69,7,77.6,25,83.33,103.06,369,11.77,95.11,-1.47,1.34
HarborPoint Casualty,Workers Comp,12/31/2024,USD,FL,69,70,82,46,5,73.9,16,85.37,97.1,603,18.69,98.9,-1.47,0.17
HarborPoint Casualty,Workers Comp,12/31/2023,USD,MA,137,140,168,96,10,77.4,36,83.33,103.65,344,15.57,94.5,-1.47,0.4
HarborPoint Casualty,Workers Comp,12/31/2024,USD,MA,27,28,34,18,2,74.1,7,82.35,100,244,12.29,97.54,-1.47,0.1
HarborPoint Casualty,Workers Comp,12/31/2023,USD,MD,85,87,105,60,6,77.6,20,82.86,101.18,88,12.12,96.56,-1.47,0.2
HarborPoint Casualty,Workers Comp,12/31/2024,USD,MD,32,33,39,21,2,71.9,8,84.62,96.88,530,18.99,97.99,-1.47,0.08
HarborPoint Casualty,Workers Comp,12/31/2023,USD,NC,177,181,218,124,12,76.8,41,83.03,100,432,12.42,97.68,-1.47,0.73
HarborPoint Casualty,Workers Comp,12/31/2024,USD,NC,39,40,48,26,3,74.4,10,83.33,100,483,18.1,96.22,-1.47,0.3
HarborPoint Casualty,Workers Comp,12/31/2023,USD,NJ,3,4,6,2,0,66.7,1,66.67,100,274,10.01,94,-1.47,0.59
HarborPoint Casualty,Workers Comp,12/31/2024,USD,NJ,20,21,26,13,1,70,5,80.77,95,238,19.57,98.54,-1.47,0.27
HarborPoint Casualty,Workers Comp,12/31/2023,USD,NY,114,116,139,80,8,77.2,27,83.45,100.88,399,10.73,96.96,-1.47,1.34
HarborPoint Casualty,Workers Comp,12/31/2024,USD,NY,28,29,35,19,2,75,7,82.86,100,513,18.6,95.88,-1.47,0.11
HarborPoint Casualty,Workers Comp,12/31/2023,USD,OR,53,54,65,37,4,77.4,12,83.08,100,268,19.37,97.89,-1.47,1.67
HarborPoint Casualty,Workers Comp,12/31/2024,USD,OR,5,6,8,3,0,60,1,75,80,338,11.39,95.43,-1.47,0.46
HarborPoint Casualty,Workers Comp,12/31/2023,USD,VA,7,8,11,5,1,85.7,2,72.73,114.29,390,13.14,94.4,-1.47,0.38
HarborPoint Casualty,Workers Comp,12/31/2024,USD,VA,50,51,60,33,3,72,13,85,98,309,15.29,98.8,-1.47,0.49
HarborPoint Casualty,Workers Comp,12/31/2023,USD,WA,20,21,26,14,1,75,5,80.77,100,168,15.91,94.15,-1.47,0.93
HarborPoint Casualty,Workers Comp,12/31/2024,USD,WA,151,154,181,100,10,72.8,39,85.08,98.68,320,11.7,98.46,-1.47,0.13
Heritage Specialty,Commercial Auto,12/31/2023,USD,CA,384,396,431,267,31,77.6,102,91.88,104.17,43,11.57,92.63,11.15,2.01
Heritage Specialty,Commercial Auto,12/31/2024,USD,CA,107,110,116,70,7,72,22,94.83,92.52,20,6.27,93.02,10.4,8.18
Heritage Specialty,Commercial Auto,12/31/2023,USD,FL,1856,1912,2080,1290,148,77.5,372,91.92,97.52,31,9.77,93.08,11.13,2.02
Heritage Specialty,Commercial Auto,12/31/2024,USD,FL,187,193,203,123,12,72.2,38,95.07,92.51,20,13.52,93.53,8.56,6.6
Heritage Specialty,Commercial Auto,12/31/2023,USD,MA,707,728,792,492,57,77.7,184,91.92,103.68,31,11.08,89.46,10.75,2.02
Heritage Specialty,Commercial Auto,12/31/2024,USD,MA,60,62,66,40,4,73.3,17,93.94,101.67,24,10.83,90.34,9.13,5.85
Heritage Specialty,Commercial Auto,12/31/2023,USD,MD,1791,1845,2006,1245,143,77.5,401,91.97,99.89,33,12.41,92.01,11.63,2.13
Heritage Specialty,Commercial Auto,12/31/2024,USD,MD,321,331,348,211,21,72.3,91,95.11,100.62,24,9.17,90.88,8.38,5.19
Heritage Specialty,Commercial Auto,12/31/2023,USD,NC,157,162,177,109,13,77.7,32,91.53,98.09,36,11.51,93.78,9.54,2.6
Heritage Specialty,Commercial Auto,12/31/2024,USD,NC,151,156,164,99,10,72.2,42,95.12,100,25,9.06,91.74,10.33,9.46
Heritage Specialty,Commercial Auto,12/31/2023,USD,NJ,419,432,470,291,33,77.3,123,91.91,106.68,38,10.54,91.08,9.57,2.58
Heritage Specialty,Commercial Auto,12/31/2024,USD,NJ,74,76,80,49,5,73,21,95,101.35,22,9.59,93.26,8.68,5.43
Heritage Specialty,Commercial Auto,12/31/2023,USD,NY,295,304,331,205,24,77.6,80,91.84,104.75,36,10.65,89.19,8.69,2.4
Heritage Specialty,Commercial Auto,12/31/2024,USD,NY,174,179,188,115,11,72.4,49,95.21,100.57,26,10.91,91.96,9.82,6.14
Heritage Specialty,Commercial Auto,12/31/2023,USD,OR,221,228,248,154,18,77.8,45,91.94,98.19,38,8.49,93.75,8.91,2.72
Heritage Specialty,Commercial Auto,12/31/2024,USD,OR,331,341,358,218,21,72.2,73,95.25,94.26,19,14.96,93.7,10.92,8.37
Heritage Specialty,Commercial Auto,12/31/2023,USD,VA,856,882,960,595,68,77.5,182,91.88,98.71,35,5.62,93.38,11.42,2.01
Heritage Specialty,Commercial Auto,12/31/2024,USD,VA,3,4,5,2,0,66.7,1,80,100,23,14.65,94.39,10.5,8.72
Heritage Specialty,Commercial Auto,12/31/2023,USD,WA,285,294,320,198,23,77.5,78,91.88,104.91,42,9.92,91.62,9.59,2.26
Heritage Specialty,Commercial Auto,12/31/2024,USD,WA,21,22,24,14,1,71.4,6,91.67,100,26,9,93.93,9.12,5.63
Heritage Specialty,Homeowners,12/31/2023,USD,CA,195,199,201,131,17,75.9,70,99,111.79,21,0.74,96.24,12.16,1.4
Heritage Specialty,Homeowners,12/31/2024,USD,CA,57,58,59,37,4,71.9,21,98.31,108.77,28,0.9,96.55,13.12,4.2
Heritage Specialty,Homeowners,12/31/2023,USD,FL,413,421,425,277,35,75.5,149,99.06,111.62,26,0.36,96.96,10.5,1.34
Heritage Specialty,Homeowners,12/31/2024,USD,FL,3,4,5,2,0,66.7,1,80,100,20,0.84,95.52,10.81,2.75
Heritage Specialty,Homeowners,12/31/2023,USD,MA,125,128,129,84,11,76,45,99.22,112,25,0.41,96.64,11.64,1.56
Heritage Specialty,Homeowners,12/31/2024,USD,MA,11,12,13,7,1,72.7,4,92.31,109.09,24,0.82,95.62,11.67,4.19
Heritage Specialty,Homeowners,12/31/2023,USD,MD,124,126,127,83,11,75.8,45,99.21,112.1,24,0.34,95.83,11.26,1.28
Heritage Specialty,Homeowners,12/31/2024,USD,MD,3,4,5,2,0,66.7,1,80,100,27,0.39,97,13.49,3.81
Heritage Specialty,Homeowners,12/31/2023,USD,NC,786,802,810,526,67,75.4,283,99.01,111.45,21,0.28,96.03,10.83,2
Heritage Specialty,Homeowners,12/31/2024,USD,NC,49,50,51,32,3,71.4,16,98.04,104.08,27,0.46,95.84,14.01,3.1
Heritage Specialty,Homeowners,12/31/2023,USD,NJ,1154,1177,1189,773,98,75.5,415,98.99,111.44,28,0.34,95.19,13.01,1.23
Heritage Specialty,Homeowners,12/31/2024,USD,NJ,21,22,23,14,1,71.4,7,95.65,104.76,23,0.38,95.63,11.35,2.23
Heritage Specialty,Homeowners,12/31/2023,USD,NY,216,220,222,145,18,75.5,78,99.1,111.57,25,0.85,96.21,10.52,1.42
Heritage Specialty,Homeowners,12/31/2024,USD,NY,20,21,22,13,1,70,7,95.45,105,27,0.6,97.9,12.01,4.53
Heritage Specialty,Homeowners,12/31/2023,USD,OR,24,25,26,16,2,75,9,96.15,112.5,24,0.48,96.38,10.66,1.48
Heritage Specialty,Homeowners,12/31/2024,USD,OR,22,23,24,14,1,68.2,8,95.83,104.55,26,0.87,95.12,11.49,4.72
Heritage Specialty,Homeowners,12/31/2023,USD,VA,448,457,462,300,38,75.4,161,98.92,111.38,22,0.46,97,12.77,1.14
Heritage Specialty,Homeowners,12/31/2024,USD,VA,41,42,43,27,3,73.2,13,97.67,104.88,29,0.44,96.8,14.88,3.88
Heritage Specialty,Homeowners,12/31/2023,USD,WA,323,329,332,216,27,75.2,116,99.1,111.15,17,0.66,95.59,12.62,1.39
Heritage Specialty,Homeowners,12/31/2024,USD,WA,53,54,55,35,3,71.7,19,98.18,107.55,23,0.65,96.75,10.89,4.93
Heritage Specialty,Personal Auto,12/31/2023,USD,CA,1081,1113,1243,706,86,73.3,336,89.54,104.35,14,3.13,94.2,12.61,2.49
Heritage Specialty,Personal Auto,12/31/2024,USD,CA,581,598,661,372,44,71.6,179,90.47,102.41,27,3.44,96.96,12.82,9.23
Heritage Specialty,Personal Auto,12/31/2023,USD,FL,1977,2036,2273,1292,158,73.3,641,89.57,105.77,24,2.82,94.33,12.39,2.26
Heritage Specialty,Personal Auto,12/31/2024,USD,FL,3363,3464,3831,2151,252,71.5,987,90.42,100.8,22,2.58,96.53,12.65,6.43
Heritage Specialty,Personal Auto,12/31/2023,USD,MA,800,824,920,523,64,73.4,249,89.57,104.5,14,3.94,95.17,11.16,2.14
Heritage Specialty,Personal Auto,12/31/2024,USD,MA,3146,3240,3583,2012,236,71.5,924,90.43,100.83,25,2.68,97.36,14.66,6.3
Heritage Specialty,Personal Auto,12/31/2023,USD,MD,745,767,857,487,60,73.4,246,89.5,106.44,24,3.1,94.83,12.26,2.02
Heritage Specialty,Personal Auto,12/31/2024,USD,MD,187,193,213,120,14,71.7,56,90.61,101.6,14,2.28,95.96,13.98,9.36
Heritage Specialty,Personal Auto,12/31/2023,USD,NC,96,99,111,63,8,74,31,89.19,106.25,21,2.38,94.34,13.51,2.15
Heritage Specialty,Personal Auto,12/31/2024,USD,NC,1368,1409,1558,875,103,71.5,414,90.44,101.75,16,2.38,97.5,14.21,6.09
Heritage Specialty,Personal Auto,12/31/2023,USD,NJ,1679,1729,1930,1097,134,73.3,540,89.59,105.48,15,2.78,96.93,11.59,3
Heritage Specialty,Personal Auto,12/31/2024,USD,NJ,585,603,667,374,44,71.5,171,90.4,100.68,21,3.75,95.05,11.04,7.14
Heritage Specialty,Personal Auto,12/31/2023,USD,NY,895,922,1029,585,72,73.4,294,89.6,106.26,27,2.13,94.59,14.49,2.62
Heritage Specialty,Personal Auto,12/31/2024,USD,NY,288,297,328,184,22,71.5,85,90.55,101.04,15,2.89,96.83,10.59,6.86
Heritage Specialty,Personal Auto,12/31/2023,USD,OR,118,122,136,77,9,72.9,38,89.71,105.08,14,2.38,96.93,11.61,2.55
Heritage Specialty,Personal Auto,12/31/2024,USD,OR,2048,2109,2332,1310,154,71.5,623,90.44,101.9,19,2.47,97.76,13.44,9.39
Heritage Specialty,Personal Auto,12/31/2023,USD,VA,273,281,314,178,22,73.3,88,89.49,105.49,20,2.1,96.31,11.33,2.45
Heritage Specialty,Personal Auto,12/31/2024,USD,VA,1853,1909,2111,1185,139,71.5,572,90.43,102.32,15,3.53,97.17,12.27,7.29
Heritage Specialty,Personal Auto,12/31/2023,USD,WA,2554,2631,2937,1669,204,73.3,799,89.58,104.62,23,2.98,95.83,15,2.75
Heritage Specialty,Personal Auto,12/31/2024,USD,WA,238,245,270,152,18,71.4,71,90.74,101.26,23,3.1,97.65,13.61,8.49
Heritage Specialty,Workers Comp,12/31/2023,USD,CA,374,382,459,262,26,77,91,83.22,101.34,274,14.66,96.88,-1.47,0
Heritage Specialty,Workers Comp,12/31/2024,USD,CA,6,7,9,4,0,66.7,1,77.78,83.33,273,18.28,96.13,-1.47,0.1
Heritage Specialty,Workers Comp,12/31/2023,USD,FL,929,948,1139,650,65,77,217,83.23,100.32,310,14.25,96.64,-1.47,0.47
Heritage Specialty,Workers Comp,12/31/2024,USD,FL,559,570,669,372,36,73,131,85.2,96.42,480,16.41,97.73,-1.47,0.12
Heritage Specialty,Workers Comp,12/31/2023,USD,MA,1442,1471,1769,1009,101,77,344,83.15,100.83,183,15.38,94.03,-1.47,1.54
Heritage Specialty,Workers Comp,12/31/2024,USD,MA,1404,1432,1679,934,91,73,336,85.29,96.94,495,12.81,96.85,-1.47,0.2
Heritage Specialty,Workers Comp,12/31/2023,USD,MD,122,124,149,85,9,77,30,83.22,101.64,267,11.68,97.24,-1.47,1.53
Heritage Specialty,Workers Comp,12/31/2024,USD,MD,610,622,729,406,40,73.1,151,85.32,97.87,387,18.71,96.19,-1.47,0.42
Heritage Specialty,Workers Comp,12/31/2023,USD,NC,92,94,113,64,6,76.1,23,83.19,101.09,352,20,96.16,-1.47,1.6
Heritage Specialty,Workers Comp,12/31/2024,USD,NC,252,257,302,168,16,73,61,85.1,97.22,229,11.17,96.27,-1.47,0.29
Heritage Specialty,Workers Comp,12/31/2023,USD,NJ,20,21,26,14,1,75,5,80.77,100,162,18.66,97.63,-1.47,0.29
Heritage Specialty,Workers Comp,12/31/2024,USD,NJ,104,106,124,69,7,73.1,25,85.48,97.12,383,15.87,95.6,-1.47,0.05
Heritage Specialty,Workers Comp,12/31/2023,USD,NY,105,107,129,74,7,77.1,26,82.95,101.9,196,17.57,97.29,-1.47,1.05
Heritage Specialty,Workers Comp,12/31/2024,USD,NY,85,87,102,57,6,74.1,20,85.29,97.65,664,17.46,97.15,-1.47,0.26
Heritage Specialty,Workers Comp,12/31/2023,USD,OR,17,18,23,12,1,76.5,4,78.26,100,329,14.99,97.26,-1.47,0.8
Heritage Specialty,Workers Comp,12/31/2024,USD,OR,538,549,643,358,35,73,130,85.38,97.21,318,10.35,96.81,-1.47,0.03
Heritage Specialty,Workers Comp,12/31/2023,USD,VA,520,530,637,364,36,76.9,127,83.2,101.35,321,11.91,95.75,-1.47,1.96
Heritage Specialty,Workers Comp,12/31/2024,USD,VA,1209,1233,1445,804,79,73,286,85.33,96.69,438,16.22,97.05,-1.47,0.2
Heritage Specialty,Workers Comp,12/31/2023,USD,WA,128,131,157,90,9,77.3,32,83.44,102.34,90,19.55,94.92,-1.47,1.22
Heritage Specialty,Workers Comp,12/31/2024,USD,WA,56,57,67,37,4,73.2,14,85.07,98.21,348,18.32,95.77,-1.47,0.21
Liberty Bay Indemnity,Commercial Auto,12/31/2023,USD,CA,409,421,458,284,33,77.5,111,91.92,104.65,35,7.25,91.55,9.41,2.73
Liberty Bay Indemnity,Commercial Auto,12/31/2024,USD,CA,1084,1116,1173,713,70,72.2,287,95.14,98.71,22,8.6,94.79,9.17,9.06
Liberty Bay Indemnity,Commercial Auto,12/31/2023,USD,FL,772,795,865,537,62,77.6,205,91.91,104.15,36,9.03,90.3,9.02,2.92
Liberty Bay Indemnity,Commercial Auto,12/31/2024,USD,FL,1565,1612,1694,1030,102,72.3,362,95.16,95.46,24,9.22,93.61,10.48,7.25
Liberty Bay Indemnity,Commercial Auto,12/31/2023,USD,MA,779,802,872,542,62,77.5,217,91.97,105.39,33,13.62,93.09,9.86,2.45
Liberty Bay Indemnity,Commercial Auto,12/31/2024,USD,MA,2290,2359,2480,1507,149,72.3,584,95.12,97.82,20,11.17,94.3,10.13,8.82
Liberty Bay Indemnity,Commercial Auto,12/31/2023,USD,MD,174,179,195,121,14,77.6,42,91.79,101.72,38,7.57,91.52,10.52,2.13
Liberty Bay Indemnity,Commercial Auto,12/31/2024,USD,MD,1187,1223,1285,781,77,72.3,312,95.18,98.57,21,9.66,94.12,8.21,5.21
Liberty Bay Indemnity,Commercial Auto,12/31/2023,USD,NC,502,517,562,349,40,77.5,119,91.99,101.2,41,5.79,89,9.13,2.82
Liberty Bay Indemnity,Commercial Auto,12/31/2024,USD,NC,3406,3508,3688,2241,221,72.3,856,95.12,97.42,20,11.66,93.34,11.25,5
Liberty Bay Indemnity,Commercial Auto,12/31/2023,USD,NJ,956,985,1072,665,76,77.5,262,91.88,104.92,42,7.64,92.21,10.83,2.86
Liberty Bay Indemnity,Commercial Auto,12/31/2024,USD,NJ,649,668,703,427,42,72.3,187,95.02,101.08,20,10.53,94.04,9.93,8.01
Liberty Bay Indemnity,Commercial Auto,12/31/2023,USD,NY,107,110,120,74,9,77.6,31,91.67,106.54,39,8.12,93.86,10.35,2.38
Liberty Bay Indemnity,Commercial Auto,12/31/2024,USD,NY,1947,2005,2108,1281,127,72.3,487,95.11,97.33,19,8.17,94.37,9.78,5.46
Liberty Bay Indemnity,Commercial Auto,12/31/2023,USD,OR,667,687,747,464,53,77.5,168,91.97,102.7,38,11.84,93.11,11.13,2.2
Liberty Bay Indemnity,Commercial Auto,12/31/2024,USD,OR,365,376,395,240,24,72.3,102,95.19,100.27,21,8.8,92.21,8.63,7.16
Liberty Bay Indemnity,Commercial Auto,12/31/2023,USD,VA,535,551,600,372,43,77.6,124,91.83,100.75,36,11.48,90.02,8.94,2.08
Liberty Bay Indemnity,Commercial Auto,12/31/2024,USD,VA,372,383,403,245,24,72.3,106,95.04,100.81,23,9,93.37,9.09,5.16
Liberty Bay Indemnity,Commercial Auto,12/31/2023,USD,WA,9,10,12,6,1,77.8,2,83.33,100,39,13.56,89.34,10.37,2.56
Liberty Bay Indemnity,Commercial Auto,12/31/2024,USD,WA,485,500,526,319,32,72.4,103,95.06,93.61,22,6.28,92.82,8.98,8.65
Liberty Bay Indemnity,Homeowners,12/31/2023,USD,CA,1511,1541,1556,1012,128,75.4,544,99.04,111.45,26,0.57,94.26,11.07,1.88
Liberty Bay Indemnity,Homeowners,12/31/2024,USD,CA,341,348,351,223,22,71.8,110,99.15,104.11,21,0.38,95.86,11.15,4.7
Liberty Bay Indemnity,Homeowners,12/31/2023,USD,FL,3916,3994,4034,2622,333,75.5,1410,99.01,111.47,19,0.84,95.82,10.3,1.15
Liberty Bay Indemnity,Homeowners,12/31/2024,USD,FL,157,160,162,102,10,71.3,57,98.77,107.64,20,0.33,96.61,12.7,2.48
Liberty Bay Indemnity,Homeowners,12/31/2023,USD,MA,3249,3314,3347,2176,276,75.5,1170,99.01,111.48,27,0.73,94.39,10.93,1.64
Liberty Bay Indemnity,Homeowners,12/31/2024,USD,MA,318,324,327,208,21,72,103,99.08,104.4,23,0.32,95.28,11.45,4.26
Liberty Bay Indemnity,Homeowners,12/31/2023,USD,MD,2083,2125,2146,1395,177,75.5,750,99.02,111.47,26,0.54,94.73,11.41,1.42
Liberty Bay Indemnity,Homeowners,12/31/2024,USD,MD,401,409,413,262,26,71.8,134,99.03,105.24,24,0.24,97.21,11.09,3.09
Liberty Bay Indemnity,Homeowners,12/31/2023,USD,NC,4559,4650,4696,3053,388,75.5,1641,99.02,111.47,23,0.46,95.09,13.97,1.17
Liberty Bay Indemnity,Homeowners,12/31/2024,USD,NC,44,45,46,29,3,72.7,15,97.83,106.82,27,0.87,95.55,11.03,3.35
Liberty Bay Indemnity,Homeowners,12/31/2023,USD,NJ,11619,11851,11970,7781,988,75.5,4183,99.01,111.47,19,0.88,96.25,14.51,1.01
Liberty Bay Indemnity,Homeowners,12/31/2024,USD,NJ,171,174,176,112,11,71.9,56,98.86,104.68,27,0.44,95.66,13.45,2.41
Liberty Bay Indemnity,Homeowners,12/31/2023,USD,NY,1601,1633,1649,1072,136,75.5,576,99.03,111.43,19,0.67,94.56,12.22,1.25
Liberty Bay Indemnity,Homeowners,12/31/2024,USD,NY,263,268,271,172,17,71.9,88,98.89,105.32,24,0.8,96.03,13.46,4.84
Liberty Bay Indemnity,Homeowners,12/31/2023,USD,OR,1690,1724,1741,1132,144,75.5,608,99.02,111.48,24,0.87,94.5,12.26,1.09
Liberty Bay Indemnity,Homeowners,12/31/2024,USD,OR,305,311,314,199,20,71.8,109,99.04,107.54,27,0.72,97.78,13.44,4.33
Liberty Bay Indemnity,Homeowners,12/31/2023,USD,VA,1005,1025,1035,673,85,75.4,362,99.03,111.44,23,0.3,94.09,13.85,1.36
Liberty Bay Indemnity,Homeowners,12/31/2024,USD,VA,48,49,50,31,3,70.8,15,98,102.08,16,0.33,97.61,14.04,2.88
Liberty Bay Indemnity,Homeowners,12/31/2023,USD,WA,1182,1206,1218,792,100,75.5,426,99.01,111.51,17,0.76,96.77,13.37,1.85
Liberty Bay Indemnity,Homeowners,12/31/2024,USD,WA,149,152,154,97,10,71.8,54,98.7,108.05,25,0.33,98,11.78,3.07
Liberty Bay Indemnity,Personal Auto,12/31/2023,USD,CA,462,476,532,302,37,73.4,151,89.47,106.06,13,3.39,95.88,14.29,2.15
Liberty Bay Indemnity,Personal Auto,12/31/2024,USD,CA,3635,3744,4140,2325,273,71.5,1081,90.43,101.21,11,2,96.24,13.81,8.95
Liberty Bay Indemnity,Personal Auto,12/31/2023,USD,FL,636,655,732,416,51,73.4,199,89.48,104.72,10,2.8,94.92,11.86,2.27
Liberty Bay Indemnity,Personal Auto,12/31/2024,USD,FL,924,952,1053,591,69,71.4,279,90.41,101.62,21,2.76,97.46,11.46,8.35
Liberty Bay Indemnity,Personal Auto,12/31/2023,USD,MA,46,47,53,30,4,73.9,14,88.68,104.35,19,2.88,95.98,14.15,2.71
Liberty Bay Indemnity,Personal Auto,12/31/2024,USD,MA,726,748,827,464,54,71.3,216,90.45,101.1,12,2.32,96.65,11.51,9.5
Liberty Bay Indemnity,Personal Auto,12/31/2023,USD,MD,661,681,761,432,53,73.4,218,89.49,106.35,17,3.89,94.61,12.79,2.5
Liberty Bay Indemnity,Personal Auto,12/31/2024,USD,MD,204,210,232,131,15,71.6,63,90.52,102.45,16,3.26,96.93,12.57,8.79
Liberty Bay Indemnity,Personal Auto,12/31/2023,USD,NC,577,594,663,377,46,73.3,188,89.59,105.89,14,3.53,96.68,11.8,2.87
Liberty Bay Indemnity,Personal Auto,12/31/2024,USD,NC,1678,1728,1911,1073,126,71.5,497,90.42,101.07,21,2.57,95.04,11.44,7.07
Liberty Bay Indemnity,Personal Auto,12/31/2023,USD,NJ,243,250,279,159,19,73.3,79,89.61,105.76,26,3.14,94.81,14.37,2.91
Liberty Bay Indemnity,Personal Auto,12/31/2024,USD,NJ,118,122,135,75,9,71.2,36,90.37,101.69,29,2.14,95.56,13.51,9.84
Liberty Bay Indemnity,Personal Auto,12/31/2023,USD,NY,108,111,124,71,9,74.1,34,89.52,105.56,27,2.6,94.69,13.76,2.9
Liberty Bay Indemnity,Personal Auto,12/31/2024,USD,NY,1447,1490,1648,926,109,71.5,438,90.41,101.8,19,2.02,96.56,13.78,7.75
Liberty Bay Indemnity,Personal Auto,12/31/2023,USD,OR,159,164,183,104,13,73.6,49,89.62,104.4,20,3.81,96.09,11.55,2.2
Liberty Bay Indemnity,Personal Auto,12/31/2024,USD,OR,567,584,646,363,43,71.6,167,90.4,101.06,14,3.22,95.34,12.34,5.1
Liberty Bay Indemnity,Personal Auto,12/31/2023,USD,VA,721,743,829,471,58,73.4,231,89.63,105.41,25,2.53,95.84,13.15,2.15
Liberty Bay Indemnity,Personal Auto,12/31/2024,USD,VA,1203,1239,1370,770,90,71.5,353,90.44,100.83,24,2.03,97.31,13.76,6.23
Liberty Bay Indemnity,Personal Auto,12/31/2023,USD,WA,51,53,60,33,4,72.5,16,88.33,103.92,20,2.67,95.22,11.98,2.24
Liberty Bay Indemnity,Personal Auto,12/31/2024,USD,WA,1046,1077,1191,669,78,71.4,321,90.43,102.1,21,3.62,97.33,12.49,8.18
Liberty Bay Indemnity,Workers Comp,12/31/2023,USD,CA,4,5,7,3,0,75,1,71.43,100,262,13.6,96.1,-1.47,1.83
Liberty Bay Indemnity,Workers Comp,12/31/2024,USD,CA,361,368,432,240,23,72.9,89,85.19,97.51,247,11.33,98.77,-1.47,0.33
Liberty Bay Indemnity,Workers Comp,12/31/2023,USD,FL,2,3,5,1,0,50,1,60,100,148,10.69,94.35,-1.47,0.27
Liberty Bay Indemnity,Workers Comp,12/31/2024,USD,FL,2734,2789,3270,1819,178,73,710,85.29,99.01,390,14.78,97.49,-1.47,0.27
Liberty Bay Indemnity,Workers Comp,12/31/2023,USD,MA,0,0,1,0,0,,0,0,,340,13.59,96.52,-1.47,0.76
Liberty Bay Indemnity,Workers Comp,12/31/2024,USD,MA,136,139,163,90,9,72.8,33,85.28,97.06,281,12.32,98.49,-1.47,0.46
Liberty Bay Indemnity,Workers Comp,12/31/2023,USD,MD,3,4,6,2,0,66.7,1,66.67,100,87,17.62,94.58,-1.47,1.49
Liberty Bay Indemnity,Workers Comp,12/31/2024,USD,MD,1419,1447,1696,944,92,73,330,85.32,96.26,388,16.42,95.25,-1.47,0.01
Liberty Bay Indemnity,Workers Comp,12/31/2023,USD,NC,8,9,12,6,1,87.5,2,75,112.5,197,16.44,96.1,-1.47,0.68
Liberty Bay Indemnity,Workers Comp,12/31/2024,USD,NC,405,413,484,269,26,72.8,98,85.33,97.04,520,10.93,97.46,-1.47,0.39
Liberty Bay Indemnity,Workers Comp,12/31/2023,USD,NJ,6,7,10,4,0,66.7,1,70,83.33,145,17.11,94.31,-1.47,1.29
Liberty Bay Indemnity,Workers Comp,12/31/2024,USD,NJ,251,256,301,167,16,72.9,59,85.05,96.41,502,18.99,98.47,-1.47,0.04
Liberty Bay Indemnity,Workers Comp,12/31/2023,USD,NY,3,4,6,2,0,66.7,1,66.67,100,176,17.7,95.24,-1.47,0.88
Liberty Bay Indemnity,Workers Comp,12/31/2024,USD,NY,602,614,720,400,39,72.9,155,85.28,98.67,554,18.01,96.25,-1.47,0.14
Liberty Bay Indemnity,Workers Comp,12/31/2023,USD,OR,9,10,13,6,1,77.8,2,76.92,100,257,12.52,95,-1.47,1.92
Liberty Bay Indemnity,Workers Comp,12/31/2024,USD,OR,1959,1998,2343,1303,127,73,464,85.28,96.68,222,11.62,96.09,-1.47,0.44
Liberty Bay Indemnity,Workers Comp,12/31/2023,USD,VA,6,7,10,4,0,66.7,1,70,83.33,244,19.5,96.51,-1.47,0.28
Liberty Bay Indemnity,Workers Comp,12/31/2024,USD,VA,1900,1938,2272,1264,124,73.1,465,85.3,97.53,280,13.23,96.18,-1.47,0.32
Liberty Bay Indemnity,Workers Comp,12/31/2023,USD,WA,6,7,10,4,0,66.7,1,70,83.33,147,14.83,97.12,-1.47,1.89
Liberty Bay Indemnity,Workers Comp,12/31/2024,USD,WA,1423,1451,1702,947,93,73.1,348,85.25,97.54,144,15.62,96.26,-1.47,0.08
Mariner General,Commercial Auto,12/31/2023,USD,CA,551,568,618,383,44,77.5,115,91.91,98.37,36,11.54,93.54,8.44,2.95
Mariner General,Commercial Auto,12/31/2024,USD,CA,611,629,661,402,40,72.3,137,95.16,94.76,22,6.8,94.04,8.8,9.08
Mariner General,Commercial Auto,12/31/2023,USD,FL,262,270,294,182,21,77.5,75,91.84,106.11,39,9.13,93.82,9.38,2.69
Mariner General,Commercial Auto,12/31/2024,USD,FL,29,30,32,19,2,72.4,8,93.75,100,26,12.52,92.08,10.12,9.16
Mariner General,Commercial Auto,12/31/2023,USD,MA,204,210,228,142,16,77.5,54,92.11,103.92,39,12.86,91.57,10.76,2.32
Mariner General,Commercial Auto,12/31/2024,USD,MA,63,65,69,41,4,71.4,17,94.2,98.41,22,8.9,94.08,9.6,9.51
Mariner General,Commercial Auto,12/31/2023,USD,MD,61,63,69,42,5,77,17,91.3,104.92,39,6.65,92.16,10.3,2.63
Mariner General,Commercial Auto,12/31/2024,USD,MD,118,122,128,78,8,72.9,24,95.31,93.22,22,7.95,94.23,11.45,9.51
Mariner General,Commercial Auto,12/31/2023,USD,NC,367,378,411,255,29,77.4,87,91.97,101.09,42,5.48,91.41,8.62,2.85
Mariner General,Commercial Auto,12/31/2024,USD,NC,384,396,416,253,25,72.4,98,95.19,97.92,19,10.29,94.71,11.68,6.94
Mariner General,Commercial Auto,12/31/2023,USD,NJ,159,164,179,111,13,78,37,91.62,101.26,33,6.42,90.88,11.38,2.47
Mariner General,Commercial Auto,12/31/2024,USD,NJ,589,607,638,388,38,72.3,168,95.14,100.85,28,13.07,91.14,8.78,6.74
Mariner General,Commercial Auto,12/31/2023,USD,NY,251,259,282,175,20,77.7,62,91.84,102.39,39,12.16,89.37,8.1,2.8
Mariner General,Commercial Auto,12/31/2024,USD,NY,299,308,324,197,19,72.2,83,95.06,100,27,8.12,93.75,8.3,9.36
Mariner General,Commercial Auto,12/31/2023,USD,OR,113,116,126,79,9,77.9,32,92.06,106.19,37,9.58,89.37,10.12,2.41
Mariner General,Commercial Auto,12/31/2024,USD,OR,43,44,47,28,3,72.1,11,93.62,97.67,21,13.15,93.7,10.77,9.55
Mariner General,Commercial Auto,12/31/2023,USD,VA,31,32,35,22,2,77.4,9,91.43,106.45,39,6.12,90.21,11.91,2.34
Mariner General,Commercial Auto,12/31/2024,USD,VA,429,442,464,282,28,72.3,111,95.26,98.14,23,15,94.76,11.75,9.81
Mariner General,Commercial Auto,12/31/2023,USD,WA,5,6,7,4,0,80,1,85.71,100,39,10.12,92.9,9.7,2.55
Mariner General,Commercial Auto,12/31/2024,USD,WA,94,97,102,62,6,72.3,22,95.1,95.74,24,11.41,94.28,11.14,8.65
Mariner General,Homeowners,12/31/2023,USD,CA,51,52,53,34,4,74.5,18,98.11,109.8,22,0.61,96.15,11.16,1.69
Mariner General,Homeowners,12/31/2024,USD,CA,1793,1829,1847,1170,117,71.8,618,99.03,106.25,28,0.8,97.09,14.54,3.32
Mariner General,Homeowners,12/31/2023,USD,FL,1308,1334,1347,876,111,75.5,471,99.03,111.47,17,0.3,94.11,10.55,1.96
Mariner General,Homeowners,12/31/2024,USD,FL,2672,2725,2752,1744,174,71.8,926,99.02,106.44,17,0.39,97.08,14.11,4.12
Mariner General,Homeowners,12/31/2023,USD,MA,538,549,554,360,46,75.5,194,99.1,111.52,20,0.59,94.22,12.33,1.47
Mariner General,Homeowners,12/31/2024,USD,MA,1832,1869,1888,1196,119,71.8,596,98.99,104.31,20,0.83,96.66,14.18,4.71
Mariner General,Homeowners,12/31/2023,USD,MD,544,555,561,364,46,75.4,196,98.93,111.4,23,0.69,95.69,12.76,1.65
Mariner General,Homeowners,12/31/2024,USD,MD,762,777,785,497,50,71.8,259,98.98,105.77,23,0.26,97.84,13.74,2.97
Mariner General,Homeowners,12/31/2023,USD,NC,902,920,929,604,77,75.5,325,99.03,111.53,18,0.2,94.79,10.55,1.74
Mariner General,Homeowners,12/31/2024,USD,NC,2411,2459,2484,1573,157,71.8,882,98.99,108.34,27,0.69,96.58,11.87,3.45
Mariner General,Homeowners,12/31/2023,USD,NJ,217,221,223,145,18,75.1,78,99.1,111.06,19,0.53,95.95,11.73,1.21
Mariner General,Homeowners,12/31/2024,USD,NJ,868,885,894,566,56,71.7,305,98.99,106.8,29,0.77,96.03,11.64,3.77
Mariner General,Homeowners,12/31/2023,USD,NY,128,131,132,86,11,75.8,46,99.24,111.72,20,0.77,95.32,11.57,1.32
Mariner General,Homeowners,12/31/2024,USD,NY,441,450,454,288,29,71.9,145,99.12,104.76,26,0.35,97.01,12.63,3.2
Mariner General,Homeowners,12/31/2023,USD,OR,162,165,167,108,14,75.3,58,98.8,111.11,23,0.4,96.8,11.59,1.56
Mariner General,Homeowners,12/31/2024,USD,OR,2610,2662,2689,1703,170,71.8,879,99,105.44,24,0.4,96.83,11.05,3.52
Mariner General,Homeowners,12/31/2023,USD,VA,42,43,44,28,4,76.2,15,97.73,111.9,23,0.54,94.93,12.63,1.83
Mariner General,Homeowners,12/31/2024,USD,VA,28,29,30,18,2,71.4,9,96.67,103.57,29,0.87,95.7,12.26,2.3
Mariner General,Homeowners,12/31/2023,USD,WA,1035,1056,1067,693,88,75.5,373,98.97,111.5,18,0.49,96.21,13.33,1.48
Mariner General,Homeowners,12/31/2024,USD,WA,1037,1058,1069,677,67,71.7,333,98.97,103.86,25,0.38,96.31,10.42,2.47
Mariner General,Personal Auto,12/31/2023,USD,CA,3642,3751,4189,2379,291,73.3,1197,89.54,106.18,23,3.83,95.81,10.17,2.77
Mariner General,Personal Auto,12/31/2024,USD,CA,678,698,772,434,51,71.5,203,90.41,101.47,13,2.37,97.63,13.53,5.79
Mariner General,Personal Auto,12/31/2023,USD,FL,4345,4475,4997,2839,348,73.3,1374,89.55,104.97,17,3.12,94.48,14.81,2.92
Mariner General,Personal Auto,12/31/2024,USD,FL,2455,2529,2796,1570,184,71.4,741,90.45,101.63,17,3.24,95.3,11.34,8.22
Mariner General,Personal Auto,12/31/2023,USD,MA,87,90,101,57,7,73.6,27,89.11,104.6,20,3.51,95.91,12.64,2.92
Mariner General,Personal Auto,12/31/2024,USD,MA,2481,2555,2826,1587,186,71.5,733,90.41,101.01,22,2.81,97.78,13.89,6.83
Mariner General,Personal Auto,12/31/2023,USD,MD,2169,2234,2494,1417,174,73.4,703,89.57,105.76,15,3.24,94.79,13.33,2.28
Mariner General,Personal Auto,12/31/2024,USD,MD,1207,1243,1374,772,91,71.5,365,90.47,101.74,23,2.98,95.09,13.53,7.74
Mariner General,Personal Auto,12/31/2023,USD,NC,122,126,140,80,10,73.8,40,90,106.56,23,3.37,94.91,13.46,2.88
Mariner General,Personal Auto,12/31/2024,USD,NC,133,137,151,85,10,71.4,40,90.73,101.5,13,2.18,96.6,11.22,5.45
Mariner General,Personal Auto,12/31/2023,USD,NJ,773,796,889,505,62,73.4,247,89.54,105.3,11,2.58,94.36,12.91,2.55
Mariner General,Personal Auto,12/31/2024,USD,NJ,198,204,226,127,15,71.7,60,90.27,102.02,25,3.6,97.56,12.96,9.28
Mariner General,Personal Auto,12/31/2023,USD,NY,2732,2814,3142,1785,219,73.4,896,89.56,106.15,17,2.5,94.97,11.34,2.85
Mariner General,Personal Auto,12/31/2024,USD,NY,3036,3127,3458,1942,228,71.5,924,90.43,101.91,13,3.87,95.26,14.35,6.96
Mariner General,Personal Auto,12/31/2023,USD,OR,668,688,768,436,53,73.2,220,89.58,106.14,13,2.78,95.08,14.83,2.59
Mariner General,Personal Auto,12/31/2024,USD,OR,7868,8104,8962,5033,590,71.5,2405,90.43,102.03,25,2.02,95.01,11.25,5.87
Mariner General,Personal Auto,12/31/2023,USD,VA,1611,1659,1853,1053,129,73.4,527,89.53,106.08,17,2.29,95.32,13.28,2.11
Mariner General,Personal Auto,12/31/2024,USD,VA,2757,2840,3140,1764,207,71.5,806,90.45,100.73,24,2.35,95.15,13.59,7.37
Mariner General,Personal Auto,12/31/2023,USD,WA,1586,1634,1824,1036,127,73.3,515,89.58,105.8,21,3.67,94.51,13.65,2.14
Mariner General,Personal Auto,12/31/2024,USD,WA,3309,3408,3769,2117,248,71.5,989,90.42,101.36,24,3.76,96.51,14.78,7.55
Mariner General,Workers Comp,12/31/2023,USD,CA,156,159,192,109,11,76.9,38,82.81,101.28,349,16.31,94.18,-1.47,0.76
Mariner General,Workers Comp,12/31/2024,USD,CA,1,2,4,1,0,100,0,50,100,549,17.65,96.89,-1.47,0.22
Mariner General,Workers Comp,12/31/2023,USD,FL,545,556,669,381,38,76.9,141,83.11,102.75,258,10.01,97.31,-1.47,1.01
Mariner General,Workers Comp,12/31/2024,USD,FL,276,282,331,184,18,73.2,72,85.2,99.28,344,14.32,96.53,-1.47,0.37
Mariner General,Workers Comp,12/31/2023,USD,MA,94,96,115,66,7,77.7,22,83.48,101.06,188,19.87,97.24,-1.47,1.06
Mariner General,Workers Comp,12/31/2024,USD,MA,32,33,39,21,2,71.9,8,84.62,96.88,401,11.84,96,-1.47,0.47
Mariner General,Workers Comp,12/31/2023,USD,MD,111,113,136,78,8,77.5,28,83.09,102.7,403,12.85,95.19,-1.47,0.47
Mariner General,Workers Comp,12/31/2024,USD,MD,12,13,16,8,1,75,3,81.25,100,393,11.01,97.3,-1.47,0.31
Mariner General,Workers Comp,12/31/2023,USD,NC,102,104,125,71,7,76.5,24,83.2,100,227,10.65,96.54,-1.47,1.9
Mariner General,Workers Comp,12/31/2024,USD,NC,118,120,141,78,8,72.9,27,85.11,95.76,441,19.89,95.17,-1.47,0.01
Mariner General,Workers Comp,12/31/2023,USD,NJ,151,154,186,106,11,77.5,38,82.8,102.65,400,14.93,95.58,-1.47,1.76
Mariner General,Workers Comp,12/31/2024,USD,NJ,201,205,240,134,13,73.1,49,85.42,97.51,323,14.52,96.44,-1.47,0.26
Mariner General,Workers Comp,12/31/2023,USD,NY,483,493,593,338,34,77,125,83.14,102.9,197,11.19,94.73,-1.47,1.96
Mariner General,Workers Comp,12/31/2024,USD,NY,312,318,373,208,20,73.1,76,85.25,97.44,563,19.02,97.79,-1.47,0.06
Mariner General,Workers Comp,12/31/2023,USD,OR,2309,2355,2832,1616,162,77,599,83.16,102.94,125,11.63,96.05,-1.47,1.88
Mariner General,Workers Comp,12/31/2024,USD,OR,196,200,235,130,13,73,48,85.11,97.45,361,14.73,95.75,-1.47,0.03
Mariner General,Workers Comp,12/31/2023,USD,VA,180,184,221,126,13,77.2,46,83.26,102.78,302,16.03,94.41,-1.47,1.25
Mariner General,Workers Comp,12/31/2024,USD,VA,291,297,348,194,19,73.2,68,85.34,96.56,381,19.26,96.05,-1.47,0.31
Mariner General,Workers Comp,12/31/2023,USD,WA,499,509,612,349,35,77,123,83.17,101.6,220,14.07,97.58,-1.47,0.89
Mariner General,Workers Comp,12/31/2024,USD,WA,47,48,57,31,3,72.3,12,84.21,97.87,218,10.87,95.86,-1.47,0.36
Northeast Fidelity,Commercial Auto,12/31/2023,USD,CA,425,438,476,295,34,77.4,124,92.02,106.59,38,6.36,89.4,11.06,2.48
Northeast Fidelity,Commercial Auto,12/31/2024,USD,CA,1194,1230,1293,786,78,72.4,337,95.13,100.59,18,12.12,92.81,8,5.92
Northeast Fidelity,Commercial Auto,12/31/2023,USD,FL,139,143,155,97,11,77.7,28,92.26,97.84,41,11.96,90.18,10.21,2.97
Northeast Fidelity,Commercial Auto,12/31/2024,USD,FL,193,199,209,127,13,72.5,46,95.22,96.37,26,5.67,92.62,8.73,9.66
Northeast Fidelity,Commercial Auto,12/31/2023,USD,MA,23,24,27,16,2,78.3,5,88.89,100,43,9.35,91.57,11.06,2.53
Northeast Fidelity,Commercial Auto,12/31/2024,USD,MA,383,394,414,252,25,72.3,81,95.17,93.47,19,14.53,90.65,8.09,9.59
Northeast Fidelity,Commercial Auto,12/31/2023,USD,MD,16,17,19,11,1,75,4,89.47,100,37,8.94,89.93,10.6,2.37
Northeast Fidelity,Commercial Auto,12/31/2024,USD,MD,2201,2267,2384,1448,143,72.3,597,95.09,99.41,22,9,94.97,11.09,8.14
Northeast Fidelity,Commercial Auto,12/31/2023,USD,NC,140,144,156,97,11,77.1,39,92.31,105,35,7.64,89.46,10.81,2.35
Northeast Fidelity,Commercial Auto,12/31/2024,USD,NC,265,273,287,174,17,72.1,76,95.12,100.75,20,14.49,91.24,10.32,8.9
Northeast Fidelity,Commercial Auto,12/31/2023,USD,NJ,301,310,337,209,24,77.4,82,91.99,104.65,33,11.02,91.63,8.73,2.6
Northeast Fidelity,Commercial Auto,12/31/2024,USD,NJ,513,528,555,338,33,72.3,144,95.14,100.39,19,11.35,93.55,9.83,7.72
Northeast Fidelity,Commercial Auto,12/31/2023,USD,NY,43,44,48,30,3,76.7,9,91.67,97.67,43,9.41,90.76,10.94,2.4
Northeast Fidelity,Commercial Auto,12/31/2024,USD,NY,1469,1513,1590,967,95,72.3,328,95.16,94.62,26,5.24,93.84,10.27,9.55
Northeast Fidelity,Commercial Auto,12/31/2023,USD,OR,140,144,156,97,11,77.1,37,92.31,103.57,34,5.64,92.19,8.88,2.75
Northeast Fidelity,Commercial Auto,12/31/2024,USD,OR,334,344,361,220,22,72.5,95,95.29,100.9,25,5.25,92.14,8.79,5.23
Northeast Fidelity,Commercial Auto,12/31/2023,USD,VA,266,274,298,185,21,77.4,53,91.95,97.37,37,6.01,93.36,11.62,2.36
Northeast Fidelity,Commercial Auto,12/31/2024,USD,VA,578,595,626,380,38,72.3,145,95.05,97.4,17,12.19,91.07,10.16,9.34
Northeast Fidelity,Commercial Auto,12/31/2023,USD,WA,185,191,208,129,15,77.8,50,91.83,104.86,36,15,89.92,9.05,2.37
Northeast Fidelity,Commercial Auto,12/31/2024,USD,WA,185,191,201,122,12,72.4,38,95.02,92.97,20,11.04,91.06,8,5
Northeast Fidelity,Homeowners,12/31/2023,USD,CA,350,357,361,234,30,75.4,126,98.89,111.43,23,0.38,94.23,12.79,1.27
Northeast Fidelity,Homeowners,12/31/2024,USD,CA,160,163,165,104,10,71.2,54,98.79,105,22,0.52,95.99,10.25,3.16
Northeast Fidelity,Homeowners,12/31/2023,USD,FL,888,906,915,595,75,75.5,320,99.02,111.49,23,0.82,96.83,11.07,2
Northeast Fidelity,Homeowners,12/31/2024,USD,FL,51,52,53,33,3,70.6,19,98.11,107.84,20,0.48,97.56,15,4.76
Northeast Fidelity,Homeowners,12/31/2023,USD,MA,62,63,64,42,5,75.8,22,98.44,111.29,20,0.74,97,10.39,1.18
Northeast Fidelity,Homeowners,12/31/2024,USD,MA,190,194,196,124,12,71.6,67,98.98,106.84,27,0.41,96.31,13.74,3.08
Northeast Fidelity,Homeowners,12/31/2023,USD,MD,362,369,373,242,31,75.4,130,98.93,111.33,23,0.23,96.24,14.28,1.98
Northeast Fidelity,Homeowners,12/31/2024,USD,MD,233,238,240,152,15,71.7,77,99.17,104.72,29,0.72,97.43,12.97,2.76
Northeast Fidelity,Homeowners,12/31/2023,USD,NC,337,344,347,226,29,75.7,121,99.14,111.57,28,0.88,95.63,12.48,1.88
Northeast Fidelity,Homeowners,12/31/2024,USD,NC,417,425,429,272,27,71.7,151,99.07,107.91,24,0.73,96.5,11.97,4.12
Northeast Fidelity,Homeowners,12/31/2023,USD,NJ,1262,1287,1300,845,107,75.4,454,99,111.41,20,0.79,94.73,10.4,1.88
Northeast Fidelity,Homeowners,12/31/2024,USD,NJ,216,220,222,141,14,71.8,73,99.1,105.56,29,0.51,97.46,13.04,4.75
Northeast Fidelity,Homeowners,12/31/2023,USD,NY,1863,1900,1919,1248,158,75.5,671,99.01,111.49,26,0.41,96.3,11.74,1.75
Northeast Fidelity,Homeowners,12/31/2024,USD,NY,89,91,92,58,6,71.9,32,98.91,107.87,30,0.81,95.57,14.95,3.41
Northeast Fidelity,Homeowners,12/31/2023,USD,OR,800,816,824,536,68,75.5,288,99.03,111.5,29,0.72,96.31,13.95,1.3
Northeast Fidelity,Homeowners,12/31/2024,USD,OR,162,165,167,106,11,72.2,54,98.8,105.56,28,0.36,97.88,13.6,2.15
Northeast Fidelity,Homeowners,12/31/2023,USD,VA,6,7,8,4,1,83.3,2,87.5,116.67,19,0.24,94.91,13.97,1.63
Northeast Fidelity,Homeowners,12/31/2024,USD,VA,360,367,371,235,23,71.7,126,98.92,106.67,19,0.21,96.62,13.37,4.07
Northeast Fidelity,Homeowners,12/31/2023,USD,WA,436,445,449,292,37,75.5,157,99.11,111.47,19,0.85,95.56,14.39,1.81
Northeast Fidelity,Homeowners,12/31/2024,USD,WA,6,7,8,4,0,66.7,2,87.5,100,28,0.6,95.92,12.16,3.2
Northeast Fidelity,Personal Auto,12/31/2023,USD,CA,3767,3880,4332,2461,301,73.3,1188,89.57,104.86,20,2.5,94.68,12.18,2.97
Northeast Fidelity,Personal Auto,12/31/2024,USD,CA,6728,6930,7663,4304,505,71.5,2070,90.43,102.24,10,3.13,97.42,14.28,8.29
Northeast Fidelity,Personal Auto,12/31/2023,USD,FL,3664,3774,4214,2394,293,73.3,1150,89.56,104.72,22,3.17,95.59,11.51,2.46
Northeast Fidelity,Personal Auto,12/31/2024,USD,FL,2345,2415,2670,1500,176,71.5,684,90.45,100.64,20,2.32,95.44,11.86,7.71
Northeast Fidelity,Personal Auto,12/31/2023,USD,MA,3603,3711,4143,2354,288,73.3,1142,89.57,105.02,9,3.63,94.48,10.44,2.39
Northeast Fidelity,Personal Auto,12/31/2024,USD,MA,5765,5938,6566,3688,432,71.5,1755,90.44,101.91,12,2.4,95.23,13.01,5.2
Northeast Fidelity,Personal Auto,12/31/2023,USD,MD,2446,2519,2812,1598,196,73.3,798,89.58,105.97,10,3.61,96.1,11.97,2.42
Northeast Fidelity,Personal Auto,12/31/2024,USD,MD,2379,2450,2709,1522,178,71.5,737,90.44,102.44,23,3.27,96.86,14.95,9.48
Northeast Fidelity,Personal Auto,12/31/2023,USD,NC,419,432,482,274,33,73.3,132,89.63,104.77,19,3,96.79,10.92,2.4
Northeast Fidelity,Personal Auto,12/31/2024,USD,NC,485,500,553,310,36,71.3,145,90.42,101.24,14,3.45,95.73,12.74,7.66
Northeast Fidelity,Personal Auto,12/31/2023,USD,NJ,5193,5349,5972,3393,415,73.3,1624,89.57,104.6,17,2.84,95.32,13.17,2.9
Northeast Fidelity,Personal Auto,12/31/2024,USD,NJ,3472,3576,3955,2221,260,71.5,1047,90.42,101.61,20,3.19,97.31,10.67,5.64
Northeast Fidelity,Personal Auto,12/31/2023,USD,NY,5633,5802,6478,3680,451,73.3,1859,89.56,106.34,26,4,96.72,14.58,2.09
Northeast Fidelity,Personal Auto,12/31/2024,USD,NY,7535,7761,8583,4820,565,71.5,2291,90.42,101.87,24,3.82,97.76,10.38,8.98
Northeast Fidelity,Personal Auto,12/31/2023,USD,OR,1023,1054,1177,668,82,73.3,329,89.55,105.47,15,3.49,94.38,11.77,2.15
Northeast Fidelity,Personal Auto,12/31/2024,USD,OR,509,524,579,326,38,71.5,152,90.5,101.38,13,2.89,97.22,14.05,8.5
Northeast Fidelity,Personal Auto,12/31/2023,USD,VA,210,216,241,137,17,73.3,69,89.63,106.19,12,3.61,94.07,11.74,2.78
Northeast Fidelity,Personal Auto,12/31/2024,USD,VA,452,466,516,289,34,71.5,136,90.31,101.55,19,2.63,97.53,12.03,8.19
Northeast Fidelity,Personal Auto,12/31/2023,USD,WA,3082,3174,3544,2014,247,73.4,964,89.56,104.64,23,3.83,96.16,13.5,2.58
Northeast Fidelity,Personal Auto,12/31/2024,USD,WA,120,124,137,77,9,71.7,36,90.51,101.67,22,2.79,96.59,11.3,7.17
Northeast Fidelity,Workers Comp,12/31/2023,USD,CA,83,85,102,58,6,77.1,19,83.33,100,199,19.23,97.61,-1.47,1.74
Northeast Fidelity,Workers Comp,12/31/2024,USD,CA,909,927,1087,605,59,73,215,85.28,96.7,413,10.94,95.11,-1.47,0.03
Northeast Fidelity,Workers Comp,12/31/2023,USD,FL,49,50,61,34,3,75.5,11,81.97,97.96,163,12.97,97.3,-1.47,0
Northeast Fidelity,Workers Comp,12/31/2024,USD,FL,90,92,108,60,6,73.3,22,85.19,97.78,601,19.3,96.79,-1.47,0.37
Northeast Fidelity,Workers Comp,12/31/2023,USD,MA,48,49,60,34,3,77.1,12,81.67,102.08,311,17.2,96.16,-1.47,1.71
Northeast Fidelity,Workers Comp,12/31/2024,USD,MA,86,88,103,57,6,73.3,21,85.44,97.67,333,19.89,95.03,-1.47,0.35
Northeast Fidelity,Workers Comp,12/31/2023,USD,MD,30,31,38,21,2,76.7,7,81.58,100,157,14.56,96.33,-1.47,0.95
Northeast Fidelity,Workers Comp,12/31/2024,USD,MD,106,108,127,70,7,72.6,27,85.04,98.11,538,12.95,96.29,-1.47,0.36
Northeast Fidelity,Workers Comp,12/31/2023,USD,NC,5,6,8,4,0,80,1,75,100,278,16.52,97.94,-1.47,1.2
Northeast Fidelity,Workers Comp,12/31/2024,USD,NC,383,391,459,255,25,73.1,94,85.19,97.65,120,13.56,99,-1.47,0.14
Northeast Fidelity,Workers Comp,12/31/2023,USD,NJ,3,4,6,2,0,66.7,1,66.67,100,352,16.53,94.79,-1.47,0.53
Northeast Fidelity,Workers Comp,12/31/2024,USD,NJ,81,83,98,54,5,72.8,21,84.69,98.77,449,14.79,98.61,-1.47,0.18
Northeast Fidelity,Workers Comp,12/31/2023,USD,NY,52,53,64,36,4,76.9,12,82.81,100,296,14.7,94.26,-1.47,0.61
Northeast Fidelity,Workers Comp,12/31/2024,USD,NY,531,542,635,353,35,73.1,127,85.35,96.99,254,14.39,95.79,-1.47,0.03
Northeast Fidelity,Workers Comp,12/31/2023,USD,OR,19,20,25,13,1,73.7,5,80,100,557,19.43,96.39,-1.47,0.02
Northeast Fidelity,Workers Comp,12/31/2024,USD,OR,115,117,137,76,7,72.2,28,85.4,96.52,740,11.79,96.17,-1.47,0.12
Northeast Fidelity,Workers Comp,12/31/2023,USD,VA,65,66,80,46,5,78.5,16,82.5,103.08,257,12.8,95.23,-1.47,0.81
Northeast Fidelity,Workers Comp,12/31/2024,USD,VA,264,269,316,176,17,73.1,65,85.13,97.73,185,18.16,96.78,-1.47,0.14
Northeast Fidelity,Workers Comp,12/31/2023,USD,WA,15,16,20,11,1,80,4,80,106.67,131,11.51,95.28,-1.47,0.82
Northeast Fidelity,Workers Comp,12/31/2024,USD,WA,28,29,35,19,2,75,7,82.86,100,584,12.58,98.23,-1.47,0.14
Pacific Crest Underwriters,Commercial Auto,12/31/2023,USD,CA,862,888,966,599,69,77.5,193,91.93,99.88,35,15,93.38,8.68,2.65
Pacific Crest Underwriters,Commercial Auto,12/31/2024,USD,CA,725,747,785,477,47,72.3,168,95.16,95.45,25,5.6,93.86,10.47,6.77
Pacific Crest Underwriters,Commercial Auto,12/31/2023,USD,FL,1344,1384,1506,934,108,77.5,290,91.9,99.11,37,11.8,93.33,11.39,2.05
Pacific Crest Underwriters,Commercial Auto,12/31/2024,USD,FL,343,353,372,226,22,72.3,99,94.89,101.17,25,12.8,92.4,10.63,5.5
Pacific Crest Underwriters,Commercial Auto,12/31/2023,USD,MA,105,108,117,73,8,77.1,24,92.31,100,41,7.7,93.29,8.93,2.63
Pacific Crest Underwriters,Commercial Auto,12/31/2024,USD,MA,388,400,420,255,25,72.2,99,95.24,97.68,22,13.58,90.45,10.37,7.27
Pacific Crest Underwriters,Commercial Auto,12/31/2023,USD,MD,896,923,1004,623,72,77.6,250,91.93,105.47,30,14.95,92.11,9.38,2.56
Pacific Crest Underwriters,Commercial Auto,12/31/2024,USD,MD,592,610,641,390,38,72.3,165,95.16,100.17,20,9.82,93.54,9.24,5.93
Pacific Crest Underwriters,Commercial Auto,12/31/2023,USD,NC,46,47,52,32,4,78.3,11,90.38,102.17,35,13.46,91.94,10.71,2.45
Pacific Crest Underwriters,Commercial Auto,12/31/2024,USD,NC,202,208,219,133,13,72.3,50,94.98,97.03,26,9.53,91.28,11.2,9.34
Pacific Crest Underwriters,Commercial Auto,12/31/2023,USD,NJ,173,178,194,120,14,77.5,52,91.75,107.51,36,12.03,92.09,8.64,2.77
Pacific Crest Underwriters,Commercial Auto,12/31/2024,USD,NJ,210,216,227,138,14,72.4,56,95.15,99.05,27,5.14,94.39,10.75,7.6
Pacific Crest Underwriters,Commercial Auto,12/31/2023,USD,NY,92,95,103,64,7,77.2,26,92.23,105.43,40,9.57,92.57,8.36,2.71
Pacific Crest Underwriters,Commercial Auto,12/31/2024,USD,NY,103,106,111,68,7,72.8,30,95.5,101.94,20,13.08,91.47,8.22,9.36
Pacific Crest Underwriters,Commercial Auto,12/31/2023,USD,OR,270,278,303,188,22,77.8,75,91.75,105.56,33,8.11,89.22,9.84,2.86
Pacific Crest Underwriters,Commercial Auto,12/31/2024,USD,OR,2462,2536,2666,1620,160,72.3,538,95.12,94.15,18,8.42,90.89,8.53,6.32
Pacific Crest Underwriters,Commercial Auto,12/31/2023,USD,VA,436,449,488,303,35,77.5,112,92.01,103.21,36,6.25,93.59,8.81,2.43
Pacific Crest Underwriters,Commercial Auto,12/31/2024,USD,VA,49,50,53,32,3,71.4,10,94.34,91.84,20,13.79,90.36,10.3,5
Pacific Crest Underwriters,Commercial Auto,12/31/2023,USD,WA,94,97,105,65,7,76.6,25,92.38,103.19,35,14.07,91.84,8.77,2.32
Pacific Crest Underwriters,Commercial Auto,12/31/2024,USD,WA,1039,1070,1125,684,68,72.4,307,95.11,101.92,23,7.98,92.7,9.01,8.38
Pacific Crest Underwriters,Homeowners,12/31/2023,USD,CA,554,565,571,371,47,75.5,199,98.95,111.37,26,0.63,95.62,13.3,1.76
Pacific Crest Underwriters,Homeowners,12/31/2024,USD,CA,320,326,329,209,21,71.9,111,99.09,106.56,19,0.9,95.78,11.97,4.04
Pacific Crest Underwriters,Homeowners,12/31/2023,USD,FL,446,455,460,299,38,75.6,161,98.91,111.66,20,0.64,96.45,12.32,1.31
Pacific Crest Underwriters,Homeowners,12/31/2024,USD,FL,79,81,82,52,5,72.2,27,98.78,106.33,19,0.23,96.09,14.06,2.73
Pacific Crest Underwriters,Homeowners,12/31/2023,USD,MA,933,952,962,625,79,75.5,336,98.96,111.47,19,0.24,96.2,12.35,1.17
Pacific Crest Underwriters,Homeowners,12/31/2024,USD,MA,661,674,681,431,43,71.7,213,98.97,103.93,28,0.35,96.19,15,2.12
Pacific Crest Underwriters,Homeowners,12/31/2023,USD,MD,1142,1165,1177,765,97,75.5,411,98.98,111.47,21,0.81,95.93,10.99,1.36
Pacific Crest Underwriters,Homeowners,12/31/2024,USD,MD,19,20,21,12,1,68.4,7,95.24,105.26,21,0.57,97.35,12.1,3.05
Pacific Crest Underwriters,Homeowners,12/31/2023,USD,NC,137,140,141,92,12,75.9,49,99.29,111.68,27,0.2,96.04,13.3,1.48
Pacific Crest Underwriters,Homeowners,12/31/2024,USD,NC,111,113,114,72,7,71.2,36,99.12,103.6,21,0.77,97.75,12.17,4.05
Pacific Crest Underwriters,Homeowners,12/31/2023,USD,NJ,1474,1503,1518,987,125,75.4,531,99.01,111.47,20,0.36,94.76,13.22,1.63
Pacific Crest Underwriters,Homeowners,12/31/2024,USD,NJ,211,215,217,138,14,72,68,99.08,104.27,28,0.24,97.25,12.21,3.16
Pacific Crest Underwriters,Homeowners,12/31/2023,USD,NY,1202,1226,1238,805,102,75.5,433,99.03,111.48,18,0.26,95.12,11.2,1.86
Pacific Crest Underwriters,Homeowners,12/31/2024,USD,NY,560,571,577,365,36,71.6,186,98.96,104.82,18,0.47,96.9,12.64,2.61
Pacific Crest Underwriters,Homeowners,12/31/2023,USD,OR,1182,1206,1218,792,100,75.5,426,99.01,111.51,22,0.74,94.14,14.66,1.81
Pacific Crest Underwriters,Homeowners,12/31/2024,USD,OR,127,130,131,83,8,71.7,41,99.24,103.94,28,0.75,96.47,15,3.51
Pacific Crest Underwriters,Homeowners,12/31/2023,USD,VA,233,238,240,156,20,75.5,84,99.17,111.59,28,0.34,96.51,11.86,1.62
Pacific Crest Underwriters,Homeowners,12/31/2024,USD,VA,211,215,217,138,14,72,72,99.08,106.16,28,0.44,97.66,13.67,4.23
Pacific Crest Underwriters,Homeowners,12/31/2023,USD,WA,233,238,240,156,20,75.5,84,99.17,111.59,24,0.83,95.44,10.46,1.27
Pacific Crest Underwriters,Homeowners,12/31/2024,USD,WA,207,211,213,135,13,71.5,72,99.06,106.28,29,0.33,97.72,12.06,2.37
Pacific Crest Underwriters,Personal Auto,12/31/2023,USD,CA,2367,2438,2722,1546,189,73.3,749,89.57,104.94,18,3.58,96.27,10.77,2.14
Pacific Crest Underwriters,Personal Auto,12/31/2024,USD,CA,952,981,1085,609,71,71.4,277,90.41,100.53,20,2.72,97.51,11.71,7.27
Pacific Crest Underwriters,Personal Auto,12/31/2023,USD,FL,1837,1892,2112,1200,147,73.3,574,89.58,104.57,31,2.36,96.58,14.61,2.02
Pacific Crest Underwriters,Personal Auto,12/31/2024,USD,FL,2023,2084,2305,1294,152,71.5,602,90.41,101.24,15,2.41,95.51,13.56,7.98
Pacific Crest Underwriters,Personal Auto,12/31/2023,USD,MA,446,459,513,291,36,73.3,139,89.47,104.48,28,3.15,94.07,12.06,2.27
Pacific Crest Underwriters,Personal Auto,12/31/2024,USD,MA,72,74,82,46,5,70.8,22,90.24,101.39,11,2.16,95.12,12.38,5.21
Pacific Crest Underwriters,Personal Auto,12/31/2023,USD,MD,3101,3194,3566,2026,248,73.3,974,89.57,104.74,20,2.34,96.41,10.66,2.27
Pacific Crest Underwriters,Personal Auto,12/31/2024,USD,MD,913,940,1039,584,69,71.5,270,90.47,101.1,17,2.67,96.86,14.32,6.49
Pacific Crest Underwriters,Personal Auto,12/31/2023,USD,NC,792,816,911,517,63,73.2,252,89.57,105.05,17,3.46,95.16,11.04,2.02
Pacific Crest Underwriters,Personal Auto,12/31/2024,USD,NC,2102,2165,2395,1345,158,71.5,627,90.4,101.33,10,3.45,95.16,14.02,10
Pacific Crest Underwriters,Personal Auto,12/31/2023,USD,NJ,139,143,159,91,11,73.4,43,89.94,104.32,23,3.94,94.78,14.98,2.22
Pacific Crest Underwriters,Personal Auto,12/31/2024,USD,NJ,964,993,1098,617,72,71.5,282,90.44,100.73,21,2.01,97.64,14.96,8.4
Pacific Crest Underwriters,Personal Auto,12/31/2023,USD,NY,13,14,17,8,1,69.2,4,82.35,100,18,3.19,94.62,11.17,2.8
Pacific Crest Underwriters,Personal Auto,12/31/2024,USD,NY,841,866,958,538,63,71.5,244,90.4,100.48,26,2.88,97.02,14.51,7.44
Pacific Crest Underwriters,Personal Auto,12/31/2023,USD,OR,604,622,694,395,48,73.3,193,89.63,105.3,17,2.91,96.99,13.32,2.88
Pacific Crest Underwriters,Personal Auto,12/31/2024,USD,OR,192,198,219,123,14,71.4,58,90.41,101.56,17,3.32,98,11.27,6.21
Pacific Crest Underwriters,Personal Auto,12/31/2023,USD,VA,422,435,485,276,34,73.5,134,89.69,105.21,28,2.22,94.27,10.9,2.92
Pacific Crest Underwriters,Personal Auto,12/31/2024,USD,VA,496,511,565,317,37,71.4,148,90.44,101.21,21,3.19,95.94,13.28,8.83
Pacific Crest Underwriters,Personal Auto,12/31/2023,USD,WA,1845,1900,2121,1205,148,73.3,601,89.58,105.91,13,3.96,96.6,10.98,2.4
Pacific Crest Underwriters,Personal Auto,12/31/2024,USD,WA,641,660,730,410,48,71.5,197,90.41,102.18,15,3.61,96.58,10,6.33
Pacific Crest Underwriters,Workers Comp,12/31/2023,USD,CA,1888,1926,2315,1322,132,77,449,83.2,100.79,324,16.71,94.03,-1.47,0.38
Pacific Crest Underwriters,Workers Comp,12/31/2024,USD,CA,61,62,73,41,4,73.8,15,84.93,98.36,153,16.27,98.04,-1.47,0.09
Pacific Crest Underwriters,Workers Comp,12/31/2023,USD,FL,1580,1612,1938,1106,111,77,375,83.18,100.76,306,18.26,96.2,-1.47,0.39
Pacific Crest Underwriters,Workers Comp,12/31/2024,USD,FL,32,33,39,21,2,71.9,8,84.62,96.88,513,11,95.49,-1.47,0.06
Pacific Crest Underwriters,Workers Comp,12/31/2023,USD,MA,605,617,742,424,42,77,152,83.15,102.15,124,10.82,95.06,-1.47,1.11
Pacific Crest Underwriters,Workers Comp,12/31/2024,USD,MA,100,102,120,66,7,73,24,85,97,473,10.33,95.44,-1.47,0.43
Pacific Crest Underwriters,Workers Comp,12/31/2023,USD,MD,250,255,307,175,18,77.2,60,83.06,101.2,285,14.45,94.52,-1.47,0.6
Pacific Crest Underwriters,Workers Comp,12/31/2024,USD,MD,24,25,30,16,2,75,6,83.33,100,408,16.72,96.81,-1.47,0.38
Pacific Crest Underwriters,Workers Comp,12/31/2023,USD,NC,147,150,181,103,10,76.9,34,82.87,100,254,19.32,94.03,-1.47,1.64
Pacific Crest Underwriters,Workers Comp,12/31/2024,USD,NC,17,18,22,11,1,70.6,4,81.82,94.12,445,13.01,98.52,-1.47,0.18
Pacific Crest Underwriters,Workers Comp,12/31/2023,USD,NJ,391,399,480,274,27,77,98,83.12,102.05,326,17.52,95.53,-1.47,0.14
Pacific Crest Underwriters,Workers Comp,12/31/2024,USD,NJ,4,5,7,3,0,75,1,71.43,100,159,15.98,98.57,-1.47,0.49
Pacific Crest Underwriters,Workers Comp,12/31/2023,USD,NY,1122,1144,1375,785,79,77,260,83.2,100.18,289,19.94,97.5,-1.47,1.17
Pacific Crest Underwriters,Workers Comp,12/31/2024,USD,NY,21,22,27,14,1,71.4,5,81.48,95.24,413,10.91,95.35,-1.47,0.13
Pacific Crest Underwriters,Workers Comp,12/31/2023,USD,OR,305,311,374,214,21,77,79,83.16,102.95,169,15.29,95.25,-1.47,0.25
Pacific Crest Underwriters,Workers Comp,12/31/2024,USD,OR,15,16,20,10,1,73.3,3,80,93.33,196,19.38,97.29,-1.47,0.2
Pacific Crest Underwriters,Workers Comp,12/31/2023,USD,VA,60,61,74,42,4,76.7,14,82.43,100,174,16.61,96.71,-1.47,0.97
Pacific Crest Underwriters,Workers Comp,12/31/2024,USD,VA,102,104,122,68,7,73.5,24,85.25,97.06,371,17.22,95.67,-1.47,0.37
Pacific Crest Underwriters,Workers Comp,12/31/2023,USD,WA,40,41,50,28,3,77.5,9,82,100,375,13.55,96.96,-1.47,1.03
Pacific Crest Underwriters,Workers Comp,12/31/2024,USD,WA,5,6,8,3,0,60,1,75,80,343,18.68,97.84,-1.47,0.23
Pioneer Assurance Group,Commercial Auto,12/31/2023,USD,CA,462,476,518,321,37,77.5,104,91.89,100,38,9.67,92.84,8,2.7
Pioneer Assurance Group,Commercial Auto,12/31/2024,USD,CA,368,379,399,242,24,72.3,95,94.99,98.1,16,10.41,92.11,8.42,8.11
Pioneer Assurance Group,Commercial Auto,12/31/2023,USD,FL,2785,2868,3120,1936,223,77.5,721,91.92,103.41,36,6.77,90.66,9.52,2.54
Pioneer Assurance Group,Commercial Auto,12/31/2024,USD,FL,586,604,635,386,38,72.4,167,95.12,100.85,25,8.18,93.72,8.42,7.86
Pioneer Assurance Group,Commercial Auto,12/31/2023,USD,MA,1586,1633,1776,1103,127,77.6,318,91.95,97.6,34,8.14,89,9.14,2.66
Pioneer Assurance Group,Commercial Auto,12/31/2024,USD,MA,204,210,221,134,13,72.1,58,95.02,100.49,22,6.54,92.32,8.65,8.74
Pioneer Assurance Group,Commercial Auto,12/31/2023,USD,MD,2396,2468,2685,1666,192,77.5,628,91.92,103.76,40,10.87,91.47,8.13,2.53
Pioneer Assurance Group,Commercial Auto,12/31/2024,USD,MD,230,237,249,151,15,72.2,50,95.18,93.91,18,12.99,91.92,9.77,9.24
Pioneer Assurance Group,Commercial Auto,12/31/2023,USD,NC,626,645,701,435,50,77.5,174,92.01,105.27,41,6.99,91.63,10.4,2.77
Pioneer Assurance Group,Commercial Auto,12/31/2024,USD,NC,405,417,438,267,26,72.3,116,95.21,100.99,23,9.69,91.23,10.16,7.63
Pioneer Assurance Group,Commercial Auto,12/31/2023,USD,NJ,345,355,387,240,28,77.7,78,91.73,100.29,39,13.55,91.28,10.31,2.15
Pioneer Assurance Group,Commercial Auto,12/31/2024,USD,NJ,204,210,221,134,13,72.1,60,95.02,101.47,17,10.93,91.51,8.56,9.63
Pioneer Assurance Group,Commercial Auto,12/31/2023,USD,NY,407,419,456,283,33,77.6,100,91.89,102.21,42,12.88,90.57,8.16,2.6
Pioneer Assurance Group,Commercial Auto,12/31/2024,USD,NY,134,138,145,88,9,72.4,35,95.17,98.51,26,14.75,94.79,10.81,8.52
Pioneer Assurance Group,Commercial Auto,12/31/2023,USD,OR,1991,2051,2232,1384,159,77.5,594,91.89,107.33,35,12.65,90.14,9.14,2.19
Pioneer Assurance Group,Commercial Auto,12/31/2024,USD,OR,255,263,277,168,17,72.5,60,94.95,96.08,26,14.86,90.79,9.12,8.09
Pioneer Assurance Group,Commercial Auto,12/31/2023,USD,VA,2195,2261,2460,1526,176,77.5,617,91.91,105.65,39,9.52,91.66,11.31,2.4
Pioneer Assurance Group,Commercial Auto,12/31/2024,USD,VA,280,288,303,184,18,72.1,65,95.05,95.36,23,14.39,94.88,9.14,6.87
Pioneer Assurance Group,Commercial Auto,12/31/2023,USD,WA,243,250,271,169,19,77.4,68,92.25,105.35,35,11.53,90.71,10.29,2.63
Pioneer Assurance Group,Commercial Auto,12/31/2024,USD,WA,17,18,20,11,1,70.6,4,90,94.12,23,7.47,91.56,8.65,5
Pioneer Assurance Group,Homeowners,12/31/2023,USD,CA,76,78,79,51,6,75,27,98.73,110.53,23,0.66,95.41,12.16,1.5
Pioneer Assurance Group,Homeowners,12/31/2024,USD,CA,5524,5634,5690,3605,359,71.8,1827,99.02,104.83,28,0.33,95.94,11.72,4.12
Pioneer Assurance Group,Homeowners,12/31/2023,USD,FL,223,227,229,149,19,75.3,80,99.13,111.21,28,0.22,94.68,14.52,1.35
Pioneer Assurance Group,Homeowners,12/31/2024,USD,FL,10983,11203,11315,7168,714,71.8,3742,99.01,105.84,26,0.5,98,12.25,3.93
Pioneer Assurance Group,Homeowners,12/31/2023,USD,MA,891,909,918,597,76,75.5,321,99.02,111.56,21,0.23,94.67,14.96,1.27
Pioneer Assurance Group,Homeowners,12/31/2024,USD,MA,1395,1423,1437,910,91,71.8,469,99.03,105.38,25,0.53,96.24,10.44,3.13
Pioneer Assurance Group,Homeowners,12/31/2023,USD,MD,271,276,279,181,23,75.3,98,98.92,111.44,25,0.22,95.76,12.5,1.01
Pioneer Assurance Group,Homeowners,12/31/2024,USD,MD,718,732,739,469,47,71.9,233,99.05,104.32,21,0.84,97.47,13.02,4.93
Pioneer Assurance Group,Homeowners,12/31/2023,USD,NC,326,333,336,218,28,75.5,117,99.11,111.35,20,0.6,94.84,14.93,1.35
Pioneer Assurance Group,Homeowners,12/31/2024,USD,NC,356,363,367,232,23,71.6,114,98.91,103.65,23,0.67,98,14.02,4.54
Pioneer Assurance Group,Homeowners,12/31/2023,USD,NJ,278,284,287,186,24,75.5,100,98.95,111.51,23,0.73,94.36,14.63,1.3
Pioneer Assurance Group,Homeowners,12/31/2024,USD,NJ,12266,12511,12636,8005,797,71.8,4138,99.01,105.49,30,0.66,97.32,13.5,2.97
Pioneer Assurance Group,Homeowners,12/31/2023,USD,NY,476,486,491,319,40,75.4,171,98.98,111.34,25,0.33,96.46,14.34,1.51
Pioneer Assurance Group,Homeowners,12/31/2024,USD,NY,10571,10782,10890,6899,687,71.8,3393,99.01,103.86,26,0.9,95.54,11.4,2.08
Pioneer Assurance Group,Homeowners,12/31/2023,USD,OR,340,347,350,228,29,75.6,122,99.14,111.47,22,0.75,95.13,14.34,1.09
Pioneer Assurance Group,Homeowners,12/31/2024,USD,OR,6596,6728,6795,4305,429,71.8,2165,99.01,104.59,28,0.48,96.82,13.68,2.93
Pioneer Assurance Group,Homeowners,12/31/2023,USD,VA,156,159,161,104,13,75,56,98.76,110.9,22,0.21,94.96,11.94,1.27
Pioneer Assurance Group,Homeowners,12/31/2024,USD,VA,1902,1940,1959,1241,124,71.8,678,99.03,107.41,26,0.48,95.42,13.89,2.61
Pioneer Assurance Group,Homeowners,12/31/2023,USD,WA,56,57,58,37,5,75,20,98.28,110.71,20,0.74,95.2,14.09,1.03
Pioneer Assurance Group,Homeowners,12/31/2024,USD,WA,3895,3973,4013,2542,253,71.8,1384,99,107.29,23,0.86,97.56,11.58,3.66
Pioneer Assurance Group,Personal Auto,12/31/2023,USD,CA,3622,3731,4165,2366,290,73.3,1176,89.58,105.8,24,2.26,95.92,14.6,2.35
Pioneer Assurance Group,Personal Auto,12/31/2024,USD,CA,485,500,553,310,36,71.3,144,90.42,101.03,16,3.55,97.18,14.65,6.02
Pioneer Assurance Group,Personal Auto,12/31/2023,USD,FL,6097,6280,7012,3983,488,73.3,1999,89.56,106.12,20,2.15,96.05,10.8,3
Pioneer Assurance Group,Personal Auto,12/31/2024,USD,FL,1175,1210,1338,752,88,71.5,355,90.43,101.7,15,3.43,95.76,11.13,6.05
Pioneer Assurance Group,Personal Auto,12/31/2023,USD,MA,616,635,709,402,49,73.2,193,89.56,104.55,16,2.73,95.96,10.09,2.81
Pioneer Assurance Group,Personal Auto,12/31/2024,USD,MA,657,677,749,420,49,71.4,192,90.39,100.61,18,2.25,96.63,13.27,8.56
Pioneer Assurance Group,Personal Auto,12/31/2023,USD,MD,1134,1168,1304,741,91,73.4,367,89.57,105.73,16,2.23,96.59,12.61,2.58
Pioneer Assurance Group,Personal Auto,12/31/2024,USD,MD,1162,1197,1324,743,87,71.4,341,90.41,100.77,14,2.98,96.83,13.89,8.23
Pioneer Assurance Group,Personal Auto,12/31/2023,USD,NC,558,575,642,365,45,73.5,179,89.56,105.56,20,2.91,94.49,14.43,2.29
Pioneer Assurance Group,Personal Auto,12/31/2024,USD,NC,754,777,859,482,57,71.5,234,90.45,102.52,19,3.31,98,10.68,5.56
Pioneer Assurance Group,Personal Auto,12/31/2023,USD,NJ,5114,5267,5881,3341,409,73.3,1586,89.56,104.34,23,3.14,94,11.86,2.3
Pioneer Assurance Group,Personal Auto,12/31/2024,USD,NJ,976,1005,1111,624,73,71.4,283,90.46,100.41,19,2.44,97.23,14.16,5.63
Pioneer Assurance Group,Personal Auto,12/31/2023,USD,NY,531,547,610,347,42,73.3,175,89.67,106.21,22,2.65,95.78,10.79,2.51
Pioneer Assurance Group,Personal Auto,12/31/2024,USD,NY,1739,1791,1981,1112,130,71.4,525,90.41,101.61,25,2,95.43,10,8.17
Pioneer Assurance Group,Personal Auto,12/31/2023,USD,OR,1198,1234,1377,783,96,73.4,374,89.62,104.59,18,2.12,95.11,15,2.56
Pioneer Assurance Group,Personal Auto,12/31/2024,USD,OR,510,525,580,326,38,71.4,157,90.52,102.16,16,2.38,96.36,12.07,8.08
Pioneer Assurance Group,Personal Auto,12/31/2023,USD,VA,3025,3116,3479,1976,242,73.3,991,89.57,106.08,19,2.32,94.23,13.52,2.02
Pioneer Assurance Group,Personal Auto,12/31/2024,USD,VA,1235,1272,1407,790,93,71.5,371,90.41,101.54,28,2.94,96.76,12.27,8.67
Pioneer Assurance Group,Personal Auto,12/31/2023,USD,WA,56,58,65,37,4,73.2,18,89.23,105.36,21,2.82,94.51,14.32,2.95
Pioneer Assurance Group,Personal Auto,12/31/2024,USD,WA,190,196,217,122,14,71.6,56,90.32,101.05,11,2.85,95.37,12.09,5.89
Pioneer Assurance Group,Workers Comp,12/31/2023,USD,CA,182,186,224,127,13,76.9,42,83.04,100,116,18.79,95.25,-1.47,1.31
Pioneer Assurance Group,Workers Comp,12/31/2024,USD,CA,424,432,506,282,28,73.1,105,85.38,97.88,504,12.08,98.66,-1.47,0.14
Pioneer Assurance Group,Workers Comp,12/31/2023,USD,FL,229,234,281,160,16,76.9,55,83.27,100.87,534,13.07,97.3,-1.47,0.81
Pioneer Assurance Group,Workers Comp,12/31/2024,USD,FL,199,203,238,132,13,72.9,50,85.29,97.99,317,13.34,96.96,-1.47,0.2
Pioneer Assurance Group,Workers Comp,12/31/2023,USD,MA,110,112,134,77,8,77.3,28,83.58,102.73,199,17.23,96.62,-1.47,0.94
Pioneer Assurance Group,Workers Comp,12/31/2024,USD,MA,349,356,418,232,23,73.1,80,85.17,95.99,220,13.89,95.34,-1.47,0.26
Pioneer Assurance Group,Workers Comp,12/31/2023,USD,MD,243,248,298,170,17,77,60,83.22,101.65,155,14.04,96.18,-1.47,0.38
Pioneer Assurance Group,Workers Comp,12/31/2024,USD,MD,282,288,338,188,18,73,67,85.21,96.81,385,15.51,97.42,-1.47,0.29
Pioneer Assurance Group,Workers Comp,12/31/2023,USD,NC,51,52,63,36,4,78.4,13,82.54,103.92,387,15.83,94,-1.47,1.02
Pioneer Assurance Group,Workers Comp,12/31/2024,USD,NC,63,64,75,42,4,73,15,85.33,96.83,673,13.3,96.58,-1.47,0.19
Pioneer Assurance Group,Workers Comp,12/31/2023,USD,NJ,81,83,100,57,6,77.8,20,83,102.47,354,17.35,94,-1.47,0.72
Pioneer Assurance Group,Workers Comp,12/31/2024,USD,NJ,362,369,433,241,24,73.2,89,85.22,97.79,321,10.44,98.03,-1.47,0.24
Pioneer Assurance Group,Workers Comp,12/31/2023,USD,NY,173,177,213,121,12,76.9,42,83.1,101.16,240,14.98,97.79,-1.47,1.37
Pioneer Assurance Group,Workers Comp,12/31/2024,USD,NY,234,239,280,156,15,73.1,59,85.36,98.29,427,12.96,96.4,-1.47,0.11
Pioneer Assurance Group,Workers Comp,12/31/2023,USD,OR,36,37,45,25,3,77.8,9,82.22,102.78,225,19.38,97.26,-1.47,0.89
Pioneer Assurance Group,Workers Comp,12/31/2024,USD,OR,40,41,49,27,3,75,10,83.67,100,664,12.38,98.6,-1.47,0.25
Pioneer Assurance Group,Workers Comp,12/31/2023,USD,VA,7,8,11,5,1,85.7,2,72.73,114.29,288,14.51,97.74,-1.47,1.48
Pioneer Assurance Group,Workers Comp,12/31/2024,USD,VA,269,274,322,179,18,73.2,70,85.09,99.26,823,13.99,96.17,-1.47,0.12
Pioneer Assurance Group,Workers Comp,12/31/2023,USD,WA,42,43,52,29,3,76.2,10,82.69,100,164,16.53,97.39,-1.47,0.82
Pioneer Assurance Group,Workers Comp,12/31/2024,USD,WA,459,468,549,305,30,73,113,85.25,97.6,620,11.57,95.69,-1.47,0.43
Seaboard Indemnity Co.,Commercial Auto,12/31/2023,USD,CA,356,367,400,248,28,77.5,72,91.75,97.75,40,11.01,93.86,9.58,2.53
Seaboard Indemnity Co.,Commercial Auto,12/31/2024,USD,CA,729,751,790,480,47,72.3,204,95.06,100.27,20,10.99,90.37,10.87,6.1
Seaboard Indemnity Co.,Commercial Auto,12/31/2023,USD,FL,446,459,500,310,36,77.6,112,91.8,102.69,37,11.65,89.77,9.58,2.36
Seaboard Indemnity Co.,Commercial Auto,12/31/2024,USD,FL,1030,1061,1116,678,67,72.3,248,95.07,96.41,24,13.74,91.34,11.66,8.61
Seaboard Indemnity Co.,Commercial Auto,12/31/2023,USD,MA,238,245,266,165,19,77.3,50,92.11,98.32,39,5.78,90.37,8.54,2.85
Seaboard Indemnity Co.,Commercial Auto,12/31/2024,USD,MA,1442,1485,1561,949,94,72.3,417,95.13,101.25,22,8.78,90.3,9.93,8.47
Seaboard Indemnity Co.,Commercial Auto,12/31/2023,USD,MD,186,192,209,129,15,77.4,45,91.87,101.61,34,9.41,90.24,11.21,2.72
Seaboard Indemnity Co.,Commercial Auto,12/31/2024,USD,MD,208,214,225,137,14,72.6,56,95.11,99.52,23,6.3,93.96,8,6.72
Seaboard Indemnity Co.,Commercial Auto,12/31/2023,USD,NC,263,271,295,183,21,77.6,57,91.86,99.24,40,5.54,91.85,11.47,2.5
Seaboard Indemnity Co.,Commercial Auto,12/31/2024,USD,NC,74,76,80,49,5,73,22,95,102.7,20,13.22,92.36,8.85,7.93
Seaboard Indemnity Co.,Commercial Auto,12/31/2023,USD,NJ,194,200,218,135,16,77.8,42,91.74,99.48,42,10.72,91.39,11.59,2.9
Seaboard Indemnity Co.,Commercial Auto,12/31/2024,USD,NJ,103,106,111,68,7,72.8,23,95.5,95.15,25,9.84,91.51,8.39,6.06
Seaboard Indemnity Co.,Commercial Auto,12/31/2023,USD,NY,199,205,223,138,16,77.4,57,91.93,106.03,31,8.92,92.38,8.9,2.4
Seaboard Indemnity Co.,Commercial Auto,12/31/2024,USD,NY,1686,1736,1825,1109,110,72.3,491,95.12,101.42,23,11.22,93.6,11.09,6.05
Seaboard Indemnity Co.,Commercial Auto,12/31/2023,USD,OR,12,13,15,8,1,75,3,86.67,100,33,6.72,93.59,9,2.81
Seaboard Indemnity Co.,Commercial Auto,12/31/2024,USD,OR,650,669,704,428,42,72.3,161,95.03,97.08,24,14.92,93.1,8.07,9.68
Seaboard Indemnity Co.,Commercial Auto,12/31/2023,USD,VA,164,169,184,114,13,77.4,45,91.85,104.88,40,5.96,90.39,8.38,2.15
Seaboard Indemnity Co.,Commercial Auto,12/31/2024,USD,VA,180,185,195,118,12,72.2,52,94.87,101.11,24,11.9,94.55,11.64,6.97
Seaboard Indemnity Co.,Commercial Auto,12/31/2023,USD,WA,205,211,229,143,16,77.6,49,92.14,101.46,35,10.7,92.74,9.34,2.29
Seaboard Indemnity Co.,Commercial Auto,12/31/2024,USD,WA,16,17,19,11,1,75,4,89.47,100,26,9.41,94.97,10.31,5.89
Seaboard Indemnity Co.,Homeowners,12/31/2023,USD,CA,1417,1445,1459,949,120,75.4,510,99.04,111.43,20,0.84,96.64,13.22,1.66
Seaboard Indemnity Co.,Homeowners,12/31/2024,USD,CA,371,378,382,242,24,71.7,132,98.95,107.28,23,0.37,95.88,13.63,4.87
Seaboard Indemnity Co.,Homeowners,12/31/2023,USD,FL,3988,4068,4109,2671,339,75.5,1436,99,111.48,19,0.73,94.99,13.98,1.62
Seaboard Indemnity Co.,Homeowners,12/31/2024,USD,FL,17,18,19,11,1,70.6,6,94.74,105.88,23,0.74,97.24,13.27,4.5
Seaboard Indemnity Co.,Homeowners,12/31/2023,USD,MA,1237,1262,1275,828,105,75.4,445,98.98,111.4,27,0.66,96.27,11.32,1.38
Seaboard Indemnity Co.,Homeowners,12/31/2024,USD,MA,417,425,429,272,27,71.7,150,99.07,107.67,22,0.72,97.92,14.43,2.88
Seaboard Indemnity Co.,Homeowners,12/31/2023,USD,MD,1448,1477,1492,970,123,75.5,521,98.99,111.46,21,0.79,97,13.83,1.15
Seaboard Indemnity Co.,Homeowners,12/31/2024,USD,MD,36,37,38,23,2,69.4,13,97.37,105.56,27,0.26,95.66,11.06,3.34
Seaboard Indemnity Co.,Homeowners,12/31/2023,USD,NC,436,445,449,292,37,75.5,157,99.11,111.47,21,0.23,96.16,14.9,1.99
Seaboard Indemnity Co.,Homeowners,12/31/2024,USD,NC,47,48,49,31,3,72.3,15,97.96,104.26,16,0.52,96.39,11.03,2.15
Seaboard Indemnity Co.,Homeowners,12/31/2023,USD,NJ,2050,2091,2112,1373,174,75.5,738,99.01,111.46,26,0.32,95.36,11.87,1.62
Seaboard Indemnity Co.,Homeowners,12/31/2024,USD,NJ,59,60,61,39,4,72.9,22,98.36,110.17,25,0.34,97.04,12.65,3.67
Seaboard Indemnity Co.,Homeowners,12/31/2023,USD,NY,477,487,492,319,41,75.5,172,98.98,111.53,20,0.26,96.28,15,1.69
Seaboard Indemnity Co.,Homeowners,12/31/2024,USD,NY,365,372,376,238,24,71.8,133,98.94,108.22,25,0.36,96.36,10.41,2.43
Seaboard Indemnity Co.,Homeowners,12/31/2023,USD,OR,1219,1243,1255,816,104,75.5,439,99.04,111.48,21,0.55,95.43,11.9,1.52
Seaboard Indemnity Co.,Homeowners,12/31/2024,USD,OR,71,72,73,46,5,71.8,26,98.63,108.45,29,0.54,95.56,12.31,4.87
Seaboard Indemnity Co.,Homeowners,12/31/2023,USD,VA,832,849,857,557,71,75.5,300,99.07,111.54,22,0.71,95.33,11,1.8
Seaboard Indemnity Co.,Homeowners,12/31/2024,USD,VA,128,131,132,84,8,71.9,42,99.24,104.69,24,0.45,95.3,14.32,4.7
Seaboard Indemnity Co.,Homeowners,12/31/2023,USD,WA,1919,1957,1977,1285,163,75.5,691,98.99,111.46,23,0.6,95.79,10.79,1.93
Seaboard Indemnity Co.,Homeowners,12/31/2024,USD,WA,87,89,90,57,6,72.4,29,98.89,105.75,26,0.81,96.27,11.08,2.61
Seaboard Indemnity Co.,Personal Auto,12/31/2023,USD,CA,277,285,318,181,22,73.3,90,89.62,105.78,12,2.18,95.12,13.74,2.54
Seaboard Indemnity Co.,Personal Auto,12/31/2024,USD,CA,3058,3150,3484,1956,229,71.5,888,90.41,100.49,25,2.35,96.41,12.99,8.74
Seaboard Indemnity Co.,Personal Auto,12/31/2023,USD,FL,497,512,571,325,40,73.4,164,89.67,106.44,20,3.44,94.11,13.63,2.57
Seaboard Indemnity Co.,Personal Auto,12/31/2024,USD,FL,5029,5180,5729,3217,377,71.5,1496,90.42,101.21,15,3.57,95.89,14.45,9.57
Seaboard Indemnity Co.,Personal Auto,12/31/2023,USD,MA,15,16,19,10,1,73.3,5,84.21,106.67,11,2.48,94.24,11.96,2.23
Seaboard Indemnity Co.,Personal Auto,12/31/2024,USD,MA,478,492,544,306,36,71.5,147,90.44,102.3,18,3.89,95.4,11.58,7.94
Seaboard Indemnity Co.,Personal Auto,12/31/2023,USD,MD,86,89,99,56,7,73.3,27,89.9,104.65,16,2.68,96.7,11.97,2.78
Seaboard Indemnity Co.,Personal Auto,12/31/2024,USD,MD,7560,7787,8611,4836,567,71.5,2241,90.43,101.11,20,2.32,96.66,12.85,6.07
Seaboard Indemnity Co.,Personal Auto,12/31/2023,USD,NC,388,400,447,253,31,73.2,125,89.49,105.41,26,2.72,94.98,13.88,2.73
Seaboard Indemnity Co.,Personal Auto,12/31/2024,USD,NC,6821,7026,7770,4363,512,71.5,2057,90.42,101.63,26,3.92,95.61,14.23,8.47
Seaboard Indemnity Co.,Personal Auto,12/31/2023,USD,NJ,288,297,332,188,23,73.3,92,89.46,105.21,15,2.92,96.99,13.77,2.12
Seaboard Indemnity Co.,Personal Auto,12/31/2024,USD,NJ,1062,1094,1210,679,80,71.5,321,90.41,101.69,14,2.2,96.85,13.71,6.64
Seaboard Indemnity Co.,Personal Auto,12/31/2023,USD,NY,398,410,458,260,32,73.4,131,89.52,106.28,18,2.05,96.95,14.9,2.6
Seaboard Indemnity Co.,Personal Auto,12/31/2024,USD,NY,1849,1905,2107,1183,139,71.5,554,90.41,101.46,12,3.86,95.39,10.31,5.21
Seaboard Indemnity Co.,Personal Auto,12/31/2023,USD,OR,846,871,973,553,68,73.4,266,89.52,104.85,14,2.18,94.5,12.92,2.71
Seaboard Indemnity Co.,Personal Auto,12/31/2024,USD,OR,2651,2731,3020,1696,199,71.5,789,90.43,101.24,19,3.93,97.11,14.61,6.42
Seaboard Indemnity Co.,Personal Auto,12/31/2023,USD,VA,24,25,29,16,2,75,8,86.21,108.33,15,3.77,96.03,11.38,2.85
Seaboard Indemnity Co.,Personal Auto,12/31/2024,USD,VA,10725,11047,12216,6861,804,71.5,3138,90.43,100.73,18,2,95.5,10.03,9.67
Seaboard Indemnity Co.,Personal Auto,12/31/2023,USD,WA,289,298,333,189,23,73.4,91,89.49,104.84,26,2.05,95.89,12.51,2.25
Seaboard Indemnity Co.,Personal Auto,12/31/2024,USD,WA,3094,3187,3524,1979,232,71.5,940,90.44,101.84,15,3.41,97.76,12.89,6.83
Seaboard Indemnity Co.,Workers Comp,12/31/2023,USD,CA,674,687,826,472,47,77,162,83.17,101.04,511,13.72,94,-1.47,0.36
Seaboard Indemnity Co.,Workers Comp,12/31/2024,USD,CA,39,40,48,26,3,74.4,10,83.33,100,697,12.45,96.19,-1.47,0.35
Seaboard Indemnity Co.,Workers Comp,12/31/2023,USD,FL,216,220,264,151,15,76.9,51,83.33,100.46,406,14.17,97.09,-1.47,0.5
Seaboard Indemnity Co.,Workers Comp,12/31/2024,USD,FL,73,75,88,49,5,74,17,85.23,97.26,437,15.95,95.05,-1.47,0.23
Seaboard Indemnity Co.,Workers Comp,12/31/2023,USD,MA,74,76,92,52,5,77,19,82.61,102.7,374,14.24,95.93,-1.47,0.02
Seaboard Indemnity Co.,Workers Comp,12/31/2024,USD,MA,6,7,9,4,0,66.7,2,77.78,100,705,14.22,96.2,-1.47,0.38
Seaboard Indemnity Co.,Workers Comp,12/31/2023,USD,MD,84,86,104,59,6,77.4,20,82.69,101.19,368,11.47,97.08,-1.47,1.02
Seaboard Indemnity Co.,Workers Comp,12/31/2024,USD,MD,73,75,88,49,5,74,17,85.23,97.26,247,13.57,97.7,-1.47,0
Seaboard Indemnity Co.,Workers Comp,12/31/2023,USD,NC,72,73,88,50,5,76.4,17,82.95,100,229,10.96,94.12,-1.47,1.58
Seaboard Indemnity Co.,Workers Comp,12/31/2024,USD,NC,51,52,62,34,3,72.5,13,83.87,98.04,640,15.42,95.51,-1.47,0.15
Seaboard Indemnity Co.,Workers Comp,12/31/2023,USD,NJ,430,439,527,301,30,77,105,83.3,101.4,101,16.68,95.13,-1.47,1.48
Seaboard Indemnity Co.,Workers Comp,12/31/2024,USD,NJ,58,59,70,39,4,74.1,14,84.29,98.28,304,17.79,95.59,-1.47,0.25
Seaboard Indemnity Co.,Workers Comp,12/31/2023,USD,NY,186,190,229,130,13,76.9,43,82.97,100,151,17,97,-1.47,0.87
Seaboard Indemnity Co.,Workers Comp,12/31/2024,USD,NY,252,257,302,168,16,73,62,85.1,97.62,721,13.66,95.43,-1.47,0.23
Seaboard Indemnity Co.,Workers Comp,12/31/2023,USD,OR,166,169,204,116,12,77.1,43,82.84,103.01,297,15.9,96.95,-1.47,0.35
Seaboard Indemnity Co.,Workers Comp,12/31/2024,USD,OR,32,33,39,21,2,71.9,8,84.62,96.88,434,15.82,95.25,-1.47,0.39
Seaboard Indemnity Co.,Workers Comp,12/31/2023,USD,VA,16,17,21,11,1,75,4,80.95,100,153,10.01,96.53,-1.47,1.58
Seaboard Indemnity Co.,Workers Comp,12/31/2024,USD,VA,63,64,75,42,4,73,15,85.33,96.83,238,19.19,98.7,-1.47,0.49
Seaboard Indemnity Co.,Workers Comp,12/31/2023,USD,WA,887,905,1088,621,62,77,211,83.18,100.79,318,12.92,95.1,-1.47,0.03
Seaboard Indemnity Co.,Workers Comp,12/31/2024,USD,WA,77,79,93,51,5,72.7,18,84.95,96.1,244,14.45,98.89,-1.47,0.18
Summit Peak Casualty,Commercial Auto,12/31/2023,USD,CA,288,297,323,200,23,77.4,80,91.95,105.21,37,7.22,89,9.28,2.31
Summit Peak Casualty,Commercial Auto,12/31/2024,USD,CA,323,333,350,213,21,72.4,93,95.14,101.24,22,9.37,93.42,9.8,7.29
Summit Peak Casualty,Commercial Auto,12/31/2023,USD,FL,181,186,202,126,14,77.3,53,92.08,106.63,33,14.48,89.95,10.39,2.1
Summit Peak Casualty,Commercial Auto,12/31/2024,USD,FL,610,628,660,401,40,72.3,182,95.15,102.13,20,9.42,94.15,11.15,6.76
Summit Peak Casualty,Commercial Auto,12/31/2023,USD,MA,29,30,33,20,2,75.9,9,90.91,106.9,37,11.11,91.43,8.55,2.56
Summit Peak Casualty,Commercial Auto,12/31/2024,USD,MA,249,256,270,164,16,72.3,74,94.81,102.01,24,6.61,93.91,8,8.35
Summit Peak Casualty,Commercial Auto,12/31/2023,USD,MD,67,69,75,47,5,77.6,14,92,98.51,39,8.1,89,11.52,2.18
Summit Peak Casualty,Commercial Auto,12/31/2024,USD,MD,186,192,202,122,12,72,40,95.05,93.55,24,12.87,92.38,10.95,9.69
Summit Peak Casualty,Commercial Auto,12/31/2023,USD,NC,438,451,491,305,35,77.6,101,91.85,100.68,40,11.34,92,8.18,2.64
Summit Peak Casualty,Commercial Auto,12/31/2024,USD,NC,170,175,184,112,11,72.4,43,95.11,97.65,27,13.26,93.47,8.38,7.81
Summit Peak Casualty,Commercial Auto,12/31/2023,USD,NJ,189,195,212,131,15,77.2,40,91.98,98.41,43,5.52,92.22,8.04,2.14
Summit Peak Casualty,Commercial Auto,12/31/2024,USD,NJ,125,129,135,82,8,72,36,95.56,100.8,18,8.12,90.15,11.31,7.77
Summit Peak Casualty,Commercial Auto,12/31/2023,USD,NY,140,144,156,97,11,77.1,37,92.31,103.57,33,14.41,92.69,11.23,2.16
Summit Peak Casualty,Commercial Auto,12/31/2024,USD,NY,431,444,466,284,28,72.4,110,95.28,97.91,25,8.47,93.75,9.9,6.64
Summit Peak Casualty,Commercial Auto,12/31/2023,USD,OR,164,169,184,114,13,77.4,36,91.85,99.39,36,9.84,91.36,10.85,2.95
Summit Peak Casualty,Commercial Auto,12/31/2024,USD,OR,43,44,47,28,3,72.1,10,93.62,95.35,22,13.89,94.82,8.07,7.64
Summit Peak Casualty,Commercial Auto,12/31/2023,USD,VA,25,26,29,17,2,76,5,89.66,96,38,13.06,91.91,9.28,2.69
Summit Peak Casualty,Commercial Auto,12/31/2024,USD,VA,15,16,18,10,1,73.3,4,88.89,100,18,5.14,90.67,11.07,6.37
Summit Peak Casualty,Commercial Auto,12/31/2023,USD,WA,107,110,120,74,9,77.6,28,91.67,103.74,38,6,90.97,10.16,2.93
Summit Peak Casualty,Commercial Auto,12/31/2024,USD,WA,688,709,745,453,45,72.4,188,95.17,99.71,23,9.93,94.16,8,5
Summit Peak Casualty,Homeowners,12/31/2023,USD,CA,338,345,348,226,29,75.4,122,99.14,111.54,25,0.78,95.06,14.06,1.39
Summit Peak Casualty,Homeowners,12/31/2024,USD,CA,2766,2821,2849,1805,180,71.8,926,99.02,105.24,26,0.82,97.1,12.44,4
Summit Peak Casualty,Homeowners,12/31/2023,USD,FL,1023,1043,1053,685,87,75.5,368,99.05,111.44,19,0.3,94.44,12.93,1.67
Summit Peak Casualty,Homeowners,12/31/2024,USD,FL,755,770,778,493,49,71.8,256,98.97,105.7,24,0.77,96.84,15,3.67
Summit Peak Casualty,Homeowners,12/31/2023,USD,MA,159,162,164,106,14,75.5,57,98.78,111.32,28,0.68,95.42,11.85,1.19
Summit Peak Casualty,Homeowners,12/31/2024,USD,MA,4574,4665,4712,2985,297,71.8,1556,99,105.77,24,0.37,95.5,13.01,4.46
Summit Peak Casualty,Homeowners,12/31/2023,USD,MD,417,425,429,279,35,75.3,150,99.07,111.27,24,0.32,94.33,13.31,1.69
Summit Peak Casualty,Homeowners,12/31/2024,USD,MD,801,817,825,523,52,71.8,287,99.03,107.62,20,0.38,96.42,12.62,3.46
Summit Peak Casualty,Homeowners,12/31/2023,USD,NC,59,60,61,39,5,74.6,21,98.36,110.17,20,0.34,95.37,12.02,1.39
Summit Peak Casualty,Homeowners,12/31/2024,USD,NC,4941,5040,5090,3225,321,71.8,1772,99.02,107.63,19,0.37,96.36,13.07,2.61
Summit Peak Casualty,Homeowners,12/31/2023,USD,NJ,178,182,184,119,15,75.3,64,98.91,111.24,28,0.71,95.71,12.11,1.03
Summit Peak Casualty,Homeowners,12/31/2024,USD,NJ,800,816,824,522,52,71.8,264,99.03,104.75,24,0.28,95.96,11.16,3.9
Summit Peak Casualty,Homeowners,12/31/2023,USD,NY,240,245,247,161,20,75.4,86,99.19,111.25,25,0.88,96.63,14.51,2
Summit Peak Casualty,Homeowners,12/31/2024,USD,NY,2808,2864,2893,1833,183,71.8,1031,99,108.51,22,0.85,97.22,10.98,2.2
Summit Peak Casualty,Homeowners,12/31/2023,USD,OR,178,182,184,119,15,75.3,64,98.91,111.24,27,0.61,94.07,13.6,1.84
Summit Peak Casualty,Homeowners,12/31/2024,USD,OR,3772,3847,3885,2462,245,71.8,1230,99.02,104.37,22,0.48,96.08,13.4,3.73
Summit Peak Casualty,Homeowners,12/31/2023,USD,VA,8,9,10,5,1,75,3,90,112.5,29,0.23,95.84,13.74,1.3
Summit Peak Casualty,Homeowners,12/31/2024,USD,VA,2980,3040,3070,1945,194,71.8,1087,99.02,108.26,24,0.34,96.73,12.44,2.7
Summit Peak Casualty,Homeowners,12/31/2023,USD,WA,214,218,220,143,18,75.2,77,99.09,111.21,26,0.57,95.49,12.98,2
Summit Peak Casualty,Homeowners,12/31/2024,USD,WA,5039,5140,5191,3288,328,71.8,1638,99.02,104.27,27,0.82,98,11.59,4.13
Summit Peak Casualty,Personal Auto,12/31/2023,USD,CA,6032,6213,6937,3941,483,73.3,1902,89.56,104.87,20,3.02,95.99,13.17,2.9
Summit Peak Casualty,Personal Auto,12/31/2024,USD,CA,5449,5612,6206,3486,409,71.5,1672,90.43,102.17,9,3.9,95.1,12.85,9.24
Summit Peak Casualty,Personal Auto,12/31/2023,USD,FL,7116,7329,8182,4649,569,73.3,2232,89.57,104.69,14,3.07,94.3,12.26,2.44
Summit Peak Casualty,Personal Auto,12/31/2024,USD,FL,7434,7657,8468,4755,558,71.5,2217,90.42,101.29,25,3.74,96.45,13.59,7.34
Summit Peak Casualty,Personal Auto,12/31/2023,USD,MA,627,646,721,410,50,73.4,200,89.6,105.26,20,2.63,94.58,14.12,2.12
Summit Peak Casualty,Personal Auto,12/31/2024,USD,MA,539,555,614,345,40,71.4,159,90.39,100.93,21,3.85,95.95,10.69,7.72
Summit Peak Casualty,Personal Auto,12/31/2023,USD,MD,8100,8343,9314,5292,648,73.3,2626,89.57,105.75,25,2.88,94.27,13.15,2.09
Summit Peak Casualty,Personal Auto,12/31/2024,USD,MD,8392,8644,9559,5368,629,71.5,2577,90.43,102.17,24,3.2,95.55,10.98,5.07
Summit Peak Casualty,Personal Auto,12/31/2023,USD,NC,4992,5142,5741,3261,399,73.3,1635,89.57,106.07,13,3.57,95.83,10.09,2.22
Summit Peak Casualty,Personal Auto,12/31/2024,USD,NC,1343,1383,1530,859,101,71.5,399,90.39,101.19,28,2.17,96.42,13.78,8.26
Summit Peak Casualty,Personal Auto,12/31/2023,USD,NJ,691,712,795,451,55,73.2,222,89.56,105.35,19,3.73,96.88,12.84,2.28
Summit Peak Casualty,Personal Auto,12/31/2024,USD,NJ,216,223,246,138,16,71.3,64,90.65,100.93,18,3.71,97.38,11.04,5.86
Summit Peak Casualty,Personal Auto,12/31/2023,USD,NY,4014,4134,4615,2622,321,73.3,1264,89.58,104.81,25,2.58,95.89,13.48,2.53
Summit Peak Casualty,Personal Auto,12/31/2024,USD,NY,761,784,867,487,57,71.5,223,90.43,100.79,24,3.2,97.8,12.49,7.72
Summit Peak Casualty,Personal Auto,12/31/2023,USD,OR,1884,1941,2167,1231,151,73.4,619,89.57,106.21,19,2.63,96.2,14.78,2.73
Summit Peak Casualty,Personal Auto,12/31/2024,USD,OR,2943,3031,3352,1883,221,71.5,906,90.42,102.28,18,3.21,95.95,13.83,6.1
Summit Peak Casualty,Personal Auto,12/31/2023,USD,VA,1120,1154,1289,732,90,73.4,365,89.53,105.98,12,2.57,96.96,12.1,2.21
Summit Peak Casualty,Personal Auto,12/31/2024,USD,VA,299,308,340,191,22,71.2,90,90.59,101.34,21,2.88,95.64,13.63,7.08
Summit Peak Casualty,Personal Auto,12/31/2023,USD,WA,221,228,254,144,18,73.3,71,89.76,105.43,15,3.01,96.13,12.95,3
Summit Peak Casualty,Personal Auto,12/31/2024,USD,WA,78,80,89,50,6,71.8,23,89.89,101.28,28,3.13,97.24,11.12,7.61
Summit Peak Casualty,Workers Comp,12/31/2023,USD,CA,53,54,65,37,4,77.4,13,83.08,101.89,175,11.87,95.28,-1.47,0.67
Summit Peak Casualty,Workers Comp,12/31/2024,USD,CA,998,1018,1194,664,65,73,243,85.26,97.39,307,19.03,95.15,-1.47,0.17
Summit Peak Casualty,Workers Comp,12/31/2023,USD,FL,471,480,577,330,33,77.1,110,83.19,100.42,279,17.71,97.71,-1.47,1.69
Summit Peak Casualty,Workers Comp,12/31/2024,USD,FL,1817,1853,2173,1209,118,73,425,85.27,96.42,515,17.92,98.08,-1.47,0.33
Summit Peak Casualty,Workers Comp,12/31/2023,USD,MA,35,36,44,25,2,77.1,9,81.82,102.86,268,18.16,95.72,-1.47,0.78
Summit Peak Casualty,Workers Comp,12/31/2024,USD,MA,37,38,45,25,2,73,9,84.44,97.3,356,10.84,97.98,-1.47,0.16
Summit Peak Casualty,Workers Comp,12/31/2023,USD,MD,784,800,962,549,55,77,203,83.16,102.93,168,12.18,95.77,-1.47,0.21
Summit Peak Casualty,Workers Comp,12/31/2024,USD,MD,525,536,628,349,34,73,123,85.35,96.38,225,14.65,98.67,-1.47,0.04
Summit Peak Casualty,Workers Comp,12/31/2023,USD,NC,114,116,139,80,8,77.2,28,83.45,101.75,282,16.43,96.13,-1.47,0.45
Summit Peak Casualty,Workers Comp,12/31/2024,USD,NC,31,32,38,21,2,74.2,7,84.21,96.77,422,17.34,96.29,-1.47,0.49
Summit Peak Casualty,Workers Comp,12/31/2023,USD,NJ,273,279,336,191,19,76.9,65,83.04,100.73,419,12.04,95.63,-1.47,1.18
Summit Peak Casualty,Workers Comp,12/31/2024,USD,NJ,18,19,23,12,1,72.2,4,82.61,94.44,754,19.45,96.14,-1.47,0.4
Summit Peak Casualty,Workers Comp,12/31/2023,USD,NY,359,366,440,251,25,76.9,84,83.18,100.28,501,13.3,96.12,-1.47,0.24
Summit Peak Casualty,Workers Comp,12/31/2024,USD,NY,570,581,682,379,37,73,147,85.19,98.77,294,14.37,96.78,-1.47,0.46
Summit Peak Casualty,Workers Comp,12/31/2023,USD,OR,135,138,165,95,9,77,32,83.64,100.74,167,11.27,95.59,-1.47,1.2
Summit Peak Casualty,Workers Comp,12/31/2024,USD,OR,304,310,363,202,20,73,75,85.4,97.7,480,10.96,98.46,-1.47,0.11
Summit Peak Casualty,Workers Comp,12/31/2023,USD,VA,276,282,339,193,19,76.8,67,83.19,101.09,249,12.73,97.44,-1.47,0.88
Summit Peak Casualty,Workers Comp,12/31/2024,USD,VA,31,32,38,21,2,74.2,8,84.21,100,195,16.27,98.06,-1.47,0
Summit Peak Casualty,Workers Comp,12/31/2023,USD,WA,219,223,268,153,15,76.7,54,83.21,101.37,296,16.41,97.7,-1.47,0.68
Summit Peak Casualty,Workers Comp,12/31/2024,USD,WA,68,69,81,45,4,72.1,16,85.19,95.59,374,11.6,96.86,-1.47,0.21
Vista National Insurance,Commercial Auto,12/31/2023,USD,CA,462,476,518,321,37,77.5,138,91.89,107.36,39,9.93,89,8.75,2.5
Vista National Insurance,Commercial Auto,12/31/2024,USD,CA,327,337,354,215,21,72.2,92,95.2,100.31,23,9.35,94.29,8.35,9.06
Vista National Insurance,Commercial Auto,12/31/2023,USD,FL,534,550,599,371,43,77.5,146,91.82,104.87,36,10.03,89.31,8.27,2.05
Vista National Insurance,Commercial Auto,12/31/2024,USD,FL,1179,1214,1276,776,77,72.3,291,95.14,97.03,27,11.51,91.09,10.95,7.37
Vista National Insurance,Commercial Auto,12/31/2023,USD,MA,140,144,156,97,11,77.1,30,92.31,98.57,36,14.46,92.14,9.78,2.56
Vista National Insurance,Commercial Auto,12/31/2024,USD,MA,255,263,277,168,17,72.5,74,94.95,101.57,26,6.8,93.01,9.63,7.08
Vista National Insurance,Commercial Auto,12/31/2023,USD,MD,611,629,684,425,49,77.6,143,91.96,100.98,36,10.92,93.68,9.3,2.59
Vista National Insurance,Commercial Auto,12/31/2024,USD,MD,70,72,76,46,5,72.9,14,94.74,92.86,26,12.16,94.74,11.33,5.16
Vista National Insurance,Commercial Auto,12/31/2023,USD,NC,1558,1605,1746,1083,125,77.5,365,91.92,100.96,32,10.33,89,10.47,2
Vista National Insurance,Commercial Auto,12/31/2024,USD,NC,251,259,273,165,16,72.1,70,94.87,100,25,8.9,94.65,10.26,8.94
Vista National Insurance,Commercial Auto,12/31/2023,USD,NJ,19,20,23,13,1,73.7,5,86.96,100,34,7.05,91.72,8.55,2.88
Vista National Insurance,Commercial Auto,12/31/2024,USD,NJ,321,331,348,211,21,72.3,88,95.11,99.69,18,10.65,90.7,10.22,5.98
Vista National Insurance,Commercial Auto,12/31/2023,USD,NY,333,343,373,232,27,77.8,93,91.96,105.71,38,8.4,92.61,10.7,2.6
Vista National Insurance,Commercial Auto,12/31/2024,USD,NY,979,1008,1060,644,64,72.3,217,95.09,94.48,18,5.48,91.6,9.13,6.68
Vista National Insurance,Commercial Auto,12/31/2023,USD,OR,9,10,12,6,1,77.8,3,83.33,111.11,42,10.41,93.01,11.07,2.75
Vista National Insurance,Commercial Auto,12/31/2024,USD,OR,27,28,30,18,2,74.1,7,93.33,100,18,9.71,93.26,8.61,9.09
Vista National Insurance,Commercial Auto,12/31/2023,USD,VA,382,393,428,266,31,77.7,101,91.82,104.19,41,9.63,91.64,8.72,2.48
Vista National Insurance,Commercial Auto,12/31/2024,USD,VA,175,180,189,115,11,72,35,95.24,92,23,10.99,91.03,11.45,7.15
Vista National Insurance,Commercial Auto,12/31/2023,USD,WA,62,64,70,43,5,77.4,19,91.43,108.06,41,5.26,91.92,8.08,2.62
Vista National Insurance,Commercial Auto,12/31/2024,USD,WA,179,184,194,118,12,72.6,41,94.85,95.53,25,6.84,91.61,8.02,9.53
Vista National Insurance,Homeowners,12/31/2023,USD,CA,336,343,346,225,29,75.6,121,99.13,111.61,23,0.2,94.14,14.99,1.34
Vista National Insurance,Homeowners,12/31/2024,USD,CA,681,695,702,444,44,71.7,220,99,103.96,25,0.47,96.77,10.57,4.39
Vista National Insurance,Homeowners,12/31/2023,USD,FL,160,163,165,107,14,75.6,58,98.79,111.87,25,0.8,94.83,11.37,1.51
Vista National Insurance,Homeowners,12/31/2024,USD,FL,1576,1608,1624,1028,102,71.7,540,99.01,105.96,19,0.29,96.94,14.39,2.39
Vista National Insurance,Homeowners,12/31/2023,USD,MA,16,17,18,11,1,75,6,94.44,112.5,26,0.66,94.6,11.71,1.82
Vista National Insurance,Homeowners,12/31/2024,USD,MA,2612,2664,2691,1705,170,71.8,853,99,104.44,20,0.31,95.47,10.32,3.14
Vista National Insurance,Homeowners,12/31/2023,USD,MD,3,4,5,2,0,66.7,1,80,100,17,0.32,94.6,10.92,1.33
Vista National Insurance,Homeowners,12/31/2024,USD,MD,2031,2072,2093,1325,132,71.7,665,99,104.48,26,0.66,95.49,14.19,4.24
Vista National Insurance,Homeowners,12/31/2023,USD,NC,175,179,181,117,15,75.4,63,98.9,111.43,17,0.29,94.89,12.8,1.49
Vista National Insurance,Homeowners,12/31/2024,USD,NC,1835,1872,1891,1198,119,71.8,645,99,106.92,23,0.73,95.43,12.31,2.47
Vista National Insurance,Homeowners,12/31/2023,USD,NJ,11,12,13,7,1,72.7,4,92.31,109.09,19,0.29,95.3,13.3,1.67
Vista National Insurance,Homeowners,12/31/2024,USD,NJ,97,99,100,63,6,71.1,33,99,105.15,18,0.39,97.6,13.28,3.84
Vista National Insurance,Homeowners,12/31/2023,USD,NY,205,209,211,137,17,75.1,74,99.05,111.22,24,0.85,95.59,13.87,1.14
Vista National Insurance,Homeowners,12/31/2024,USD,NY,256,261,264,167,17,71.9,94,98.86,108.59,25,0.87,97.62,11.61,3.97
Vista National Insurance,Homeowners,12/31/2023,USD,OR,496,506,511,332,42,75.4,179,99.02,111.49,21,0.51,94.07,11.89,1.45
Vista National Insurance,Homeowners,12/31/2024,USD,OR,230,235,237,150,15,71.7,77,99.16,105.22,25,0.81,95.53,10.99,3.08
Vista National Insurance,Homeowners,12/31/2023,USD,VA,15,16,17,10,1,73.3,5,94.12,106.67,17,0.77,94.41,10.28,1.33
Vista National Insurance,Homeowners,12/31/2024,USD,VA,3,4,5,2,0,66.7,1,80,100,26,0.77,95.75,12.92,4.55
Vista National Insurance,Homeowners,12/31/2023,USD,WA,359,366,370,240,31,75.5,129,98.92,111.42,21,0.6,94.47,13.36,1.7
Vista National Insurance,Homeowners,12/31/2024,USD,WA,428,437,441,279,28,71.7,147,99.09,106.07,27,0.37,96.22,13.63,3.45
Vista National Insurance,Personal Auto,12/31/2023,USD,CA,2598,2676,2988,1697,208,73.3,840,89.56,105.66,21,3.3,94.11,12.45,2.21
Vista National Insurance,Personal Auto,12/31/2024,USD,CA,2508,2583,2857,1604,188,71.5,757,90.41,101.63,18,2.33,96.71,11.5,5.07
Vista National Insurance,Personal Auto,12/31/2023,USD,FL,4426,4559,5091,2892,354,73.3,1414,89.55,105.29,10,2.38,96.47,12.75,2.6
Vista National Insurance,Personal Auto,12/31/2024,USD,FL,544,560,620,348,41,71.5,168,90.32,102.39,20,3.46,95.68,14.95,6.48
Vista National Insurance,Personal Auto,12/31/2023,USD,MA,962,991,1107,629,77,73.4,305,89.52,105.09,28,2.71,95.17,10.5,2.95
Vista National Insurance,Personal Auto,12/31/2024,USD,MA,1711,1762,1949,1095,128,71.5,502,90.41,100.82,17,2.12,97.16,12.12,10
Vista National Insurance,Personal Auto,12/31/2023,USD,MD,10398,10710,11958,6793,832,73.3,3364,89.56,105.68,23,3.89,94,14.96,2.86
Vista National Insurance,Personal Auto,12/31/2024,USD,MD,1792,1846,2041,1146,134,71.4,550,90.45,102.12,15,3.37,96.48,10.19,5.45
Vista National Insurance,Personal Auto,12/31/2023,USD,NC,7678,7908,8829,5016,614,73.3,2386,89.57,104.4,24,2.14,95.54,14.67,2.72
Vista National Insurance,Personal Auto,12/31/2024,USD,NC,7,8,10,4,1,71.4,2,80,100,27,3.57,97,10.96,6.56
Vista National Insurance,Personal Auto,12/31/2023,USD,NJ,7588,7816,8726,4957,607,73.3,2488,89.57,106.11,15,2.97,96.74,12.93,2.69
Vista National Insurance,Personal Auto,12/31/2024,USD,NJ,176,181,200,113,13,71.6,54,90.5,102.27,13,2.92,95.89,11.73,6.78
Vista National Insurance,Personal Auto,12/31/2023,USD,NY,3644,3753,4191,2381,291,73.3,1202,89.55,106.31,19,3.48,94.91,12.62,2.13
Vista National Insurance,Personal Auto,12/31/2024,USD,NY,898,925,1023,574,67,71.4,270,90.42,101.45,12,3.02,96.32,14.86,6.63
Vista National Insurance,Personal Auto,12/31/2023,USD,OR,7695,7926,8849,5027,616,73.3,2487,89.57,105.65,21,2.4,95.39,10.31,2.12
Vista National Insurance,Personal Auto,12/31/2024,USD,OR,1403,1445,1597,897,105,71.4,415,90.48,101,25,2.54,95.46,11.37,8.38
Vista National Insurance,Personal Auto,12/31/2023,USD,VA,3612,3720,4153,2360,289,73.3,1188,89.57,106.23,18,2.07,94.48,13.27,2.45
Vista National Insurance,Personal Auto,12/31/2024,USD,VA,711,732,809,455,53,71.4,211,90.48,101.13,12,3.93,97.28,10.15,6.19
Vista National Insurance,Personal Auto,12/31/2023,USD,WA,4678,4818,5379,3056,374,73.3,1519,89.57,105.79,27,2.25,94.17,12.3,2.05
Vista National Insurance,Personal Auto,12/31/2024,USD,WA,173,178,197,111,13,71.7,52,90.36,101.73,15,3.46,95.38,12.5,7.38
Vista National Insurance,Workers Comp,12/31/2023,USD,CA,609,621,746,426,43,77,150,83.24,101.64,401,18.54,97.58,-1.47,0.5
Vista National Insurance,Workers Comp,12/31/2024,USD,CA,21,22,27,14,1,71.4,5,81.48,95.24,408,17.74,95.86,-1.47,0.45
Vista National Insurance,Workers Comp,12/31/2023,USD,FL,112,114,137,78,8,76.8,27,83.21,100.89,185,12,96.26,-1.47,1.57
Vista National Insurance,Workers Comp,12/31/2024,USD,FL,220,224,262,146,14,72.7,57,85.5,98.64,381,14.85,97.96,-1.47,0.06
Vista National Insurance,Workers Comp,12/31/2023,USD,MA,88,90,108,62,6,77.3,21,83.33,101.14,366,15.13,95.62,-1.47,0.83
Vista National Insurance,Workers Comp,12/31/2024,USD,MA,9,10,13,6,1,77.8,2,76.92,100,160,16.86,98.39,-1.47,0.06
Vista National Insurance,Workers Comp,12/31/2023,USD,MD,54,55,67,38,4,77.8,13,82.09,101.85,171,16.99,96.62,-1.47,1.41
Vista National Insurance,Workers Comp,12/31/2024,USD,MD,122,124,145,81,8,73,30,85.52,97.54,465,18.82,96.59,-1.47,0.02
Vista National Insurance,Workers Comp,12/31/2023,USD,NC,29,30,37,20,2,75.9,7,81.08,100,276,19.06,97.42,-1.47,0.88
Vista National Insurance,Workers Comp,12/31/2024,USD,NC,41,42,50,27,3,73.2,10,84,97.56,466,15.85,97.65,-1.47,0.4
Vista National Insurance,Workers Comp,12/31/2023,USD,NJ,5,6,8,4,0,80,1,75,100,278,15.88,95.99,-1.47,0.12
Vista National Insurance,Workers Comp,12/31/2024,USD,NJ,107,109,128,71,7,72.9,27,85.16,98.13,536,15.94,96.88,-1.47,0.4
Vista National Insurance,Workers Comp,12/31/2023,USD,NY,125,128,154,88,9,77.6,31,83.12,102.4,221,12.6,96.85,-1.47,0.83
Vista National Insurance,Workers Comp,12/31/2024,USD,NY,56,57,67,37,4,73.2,14,85.07,98.21,351,17.4,96.65,-1.47,0.37
Vista National Insurance,Workers Comp,12/31/2023,USD,OR,134,137,164,94,9,76.9,31,83.54,100,250,16.37,96.91,-1.47,0.83
Vista National Insurance,Workers Comp,12/31/2024,USD,OR,26,27,33,17,2,73.1,6,81.82,96.15,502,18.79,97.06,-1.47,0.02
Vista National Insurance,Workers Comp,12/31/2023,USD,VA,89,91,110,62,6,76.4,21,82.73,100,204,13.34,96.62,-1.47,0.86
Vista National Insurance,Workers Comp,12/31/2024,USD,VA,158,161,189,105,10,72.8,40,85.19,98.1,318,18.47,98.11,-1.47,0.35
Vista National Insurance,Workers Comp,12/31/2023,USD,WA,172,175,211,120,12,76.7,44,82.94,102.33,397,19.37,96.97,-1.47,1.6
Vista National Insurance,Workers Comp,12/31/2024,USD,WA,229,234,274,152,15,72.9,54,85.4,96.51,616,10,98.83,-1.47,0.25
